/*
Navicat MySQL Data Transfer

Source Server         : 172.16.18.88
Source Server Version : 50712
Source Host           : 172.16.18.88:3306
Source Database       : numysql

Target Server Type    : MYSQL
Target Server Version : 50712
File Encoding         : 65001

Date: 2017-07-19 17:46:57
*/

SET FOREIGN_KEY_CHECKS=0;

-- ----------------------------
-- Table structure for legal_case
-- ----------------------------
DROP TABLE IF EXISTS `legal_case`;
CREATE TABLE `legal_case` (
  `id` int(11) NOT NULL AUTO_INCREMENT,
  `case_state` int(11) NOT NULL DEFAULT '0' COMMENT '案件状态0：正常，1：近期，2：超期',
  `case_no` varchar(255) NOT NULL COMMENT '案件编号',
  `case_name` varchar(255) NOT NULL COMMENT '案件名称',
  `case_nature` varchar(255) DEFAULT NULL COMMENT '案件性质',
  `case_type` int(11) NOT NULL COMMENT '案件类型',
  `case_type_name` varchar(255) NOT NULL COMMENT '案件类型名称',
  `case_steps` int(11) DEFAULT NULL COMMENT '处理措施',
  `case_steps_name` varchar(255) DEFAULT NULL COMMENT '处理措施名称',
  `case_steps_date` varchar(255) DEFAULT NULL COMMENT '处理措施变更时间',
  `case_people_id` int(255) NOT NULL COMMENT '案件人ID',
  `case_first_police_id` int(11) DEFAULT NULL COMMENT '第一负责民警',
  `case_second_police_id` int(11) DEFAULT NULL COMMENT '第二负责民警',
  `case_legal_police_id` int(11) DEFAULT NULL COMMENT '法制民警ID',
  `case_create_date` varchar(255) DEFAULT NULL COMMENT '创建(立案)日期',
  `case_create_police_id` int(11) DEFAULT NULL COMMENT '创建人',
  `case_create_police_name` varchar(255) DEFAULT NULL COMMENT '创建人',
  `case_custom` int(11) DEFAULT '0' COMMENT '是否需要自定义规则0否 1是',
  `case_complete` int(11) DEFAULT '0' COMMENT '完成',
  `case_remand` int(11) DEFAULT '0' COMMENT '是否关联取保候审信息',
  `case_supervision` int(11) DEFAULT '0' COMMENT '是否关联监视居住信息',
  `case_fugitive` int(11) DEFAULT '0' COMMENT '是否是在逃案',
  `case_explain` varchar(255) DEFAULT NULL COMMENT '行政处罚情况',
  `case_admin_hold_day` int(11) DEFAULT NULL COMMENT '行政拘留期限',
  `case_admin_money` varchar(255) DEFAULT NULL COMMENT '行政罚款金额 ',
  PRIMARY KEY (`id`)
) ENGINE=InnoDB AUTO_INCREMENT=321 DEFAULT CHARSET=utf8;

-- ----------------------------
-- Records of legal_case
-- ----------------------------
INSERT INTO `legal_case` VALUES ('17', '0', '额233123', '十分士大夫士大夫士大夫', '盗窃案', '3', '刑事案件', '13', '取保候审', '2017-04-19', '17', '24', '25', null, '2017-04-27', '1', '系统管理员', '0', '0', '1', '0', '0', null, null, null);
INSERT INTO `legal_case` VALUES ('18', '0', 'A1305239800002017050003', '王素欣涉嫌交通肇事案', '交通肇事案', '2', '刑事案件', null, '待设定', null, '18', '211', '213', null, '2017-05-20', '1', '系统管理员', '0', '0', '0', '0', '1', null, null, null);
INSERT INTO `legal_case` VALUES ('19', '0', 'A1305239505002017050007', '崔志勇涉嫌盗窃案', '其他盗窃', '2', '刑事案件', '13', '取保候审', '2017-05-14', '19', '209', '218', null, '2017-05-14', '1', '系统管理员', '0', '0', '1', '0', '0', null, null, null);
INSERT INTO `legal_case` VALUES ('23', '0', 'A1305239200002017010039', '李国辉故意伤害案', '故意伤害案', '2', '刑事案件', '13', '取保候审', '2017-05-19', '23', '83', '76', null, '2017-03-16', '1', '系统管理员', '0', '0', '1', '0', '0', null, null, null);
INSERT INTO `legal_case` VALUES ('24', '0', 'A1305239503002017010032', '张长庆、张占江涉嫌盗窃案', '盗窃案', '2', '刑事案件', '14', '监视居住', '2017-03-12', '24', '23', '69', null, '2017-02-01', '1', '系统管理员', '0', '0', '1', '1', '0', null, null, null);
INSERT INTO `legal_case` VALUES ('27', '0', 'A1305239503002017040008', '和黑小等人被骗案', '诈骗案', '2', '刑事案件', null, '待设定', null, '27', '208', '26', null, '2017-04-07', '1', '系统管理员', '0', '0', '0', '0', '1', null, null, null);
INSERT INTO `legal_case` VALUES ('29', '0', 'A1305239700002017040001', '郭利方涉嫌妨害公务案', '妨害公务案', '2', '刑事案件', null, '待设定', null, '29', '204', '207', null, '2017-05-02', '1', '系统管理员', '0', '0', '0', '0', '1', null, null, null);
INSERT INTO `legal_case` VALUES ('30', '0', 'A1305239700002017040001', '郭利方涉嫌妨害公务案', '妨害公务案', '2', '刑事案件', '13', '取保候审', '2017-06-20', '30', '204', '207', null, '2017-05-02', '1', '系统管理员', '0', '0', '1', '0', '0', null, null, null);
INSERT INTO `legal_case` VALUES ('31', '0', 'A1305239503002017050001', '双虎家私扰乱无线电管理秩序案', '扰乱无线电通讯管理秩序案', '2', '刑事案件', null, '待设定', null, '31', '82', '23', null, '--', '1', '系统管理员', '0', '0', '0', '0', '1', null, null, null);
INSERT INTO `legal_case` VALUES ('32', '0', 'A1305239800002017030003', '卢立涛涉嫌交通肇事案', '交通肇事案', '2', '刑事案件', null, '待设定', null, '32', '212', '214', null, '2017-03-23', '1', '系统管理员', '0', '0', '0', '0', '1', null, null, null);
INSERT INTO `legal_case` VALUES ('33', '0', 'A1305238700002017010001', '朱小三被伤害案', '故意伤害案', '2', '刑事案件', '15', '移送起诉', '2017-04-07', '33', '45', '47', null, '2017-03-09', '1', '系统管理员', '0', '0', '1', '0', '0', null, null, null);
INSERT INTO `legal_case` VALUES ('34', '0', 'A1305238700002017010001', '朱小三被伤害案', '故意伤害案', '2', '刑事案件', '14', '监视居住', '2017-06-20', '34', '45', '47', null, '2017-03-09', '1', '系统管理员', '0', '0', '0', '1', '0', null, null, null);
INSERT INTO `legal_case` VALUES ('35', '2', 'A1305239504002017030005', '石占伟被诈骗案', '诈骗案', '2', '刑事案件', '9', '刑事拘留', '2017-04-05', '35', '25', '28', null, '2017-03-14', '1', '系统管理员', '0', '0', '0', '0', '0', null, null, null);
INSERT INTO `legal_case` VALUES ('36', '0', 'A1305239300002017010008', '魏立军、魏军杰被伤害案', '故意伤害案', '2', '刑事案件', '14', '监视居住', '2017-03-30', '36', '87', '31', null, '2017-03-13', '1', '系统管理员', '1', '0', '0', '1', '0', null, null, null);
INSERT INTO `legal_case` VALUES ('37', '0', 'A1305239300002017010008', '魏立军、魏军杰被伤害案', '故意伤害案', '2', '刑事案件', null, '待设定', null, '37', '87', '31', null, '2017-03-13', '1', '系统管理员', '0', '0', '0', '0', '1', null, null, null);
INSERT INTO `legal_case` VALUES ('38', '0', 'A1305239200002017010058', '张宪奇故意伤害案', '故意伤害案', '2', '刑事案件', '13', '取保候审', '2017-03-25', '38', '76', '83', null, '2017-03-20', '1', '系统管理员', '0', '0', '1', '0', '0', null, null, null);
INSERT INTO `legal_case` VALUES ('39', '0', 'A1305239200002017010058', '张宪奇故意伤害案', '故意伤害案', '2', '刑事案件', null, '待设定', null, '39', '76', '83', null, '2017-03-20', '1', '系统管理员', '0', '0', '0', '0', '1', null, null, null);
INSERT INTO `legal_case` VALUES ('40', '0', 'A1305239200002017010058', '张宪奇故意伤害案', '故意伤害案', '2', '刑事案件', '15', '移送起诉', '2017-06-20', '40', '76', '83', null, '2017-03-20', '1', '系统管理员', '0', '0', '0', '0', '0', null, null, null);
INSERT INTO `legal_case` VALUES ('41', '0', 'A1305238900002017020002', '乔国信故意伤害案', '故意伤害案', '2', '刑事案件', '16', '一次退查', '2017-06-20', '41', '37', '39', null, '2017-03-12', '1', '系统管理员', '0', '0', '0', '0', '0', null, null, null);
INSERT INTO `legal_case` VALUES ('42', '0', 'A1305238900002017020002', '乔国信故意伤害案', '故意伤害案', '2', '刑事案件', '14', '监视居住', '2017-06-20', '42', '37', '39', null, '2017-03-12', '1', '系统管理员', '0', '0', '0', '1', '0', null, null, null);
INSERT INTO `legal_case` VALUES ('43', '0', 'A1305238900002017020002', '乔国信故意伤害案', '故意伤害案', '2', '刑事案件', '17', '二次退查', '2017-06-20', '43', '37', '39', null, '2017-03-12', '1', '系统管理员', '0', '0', '0', '0', '0', null, null, null);
INSERT INTO `legal_case` VALUES ('44', '0', 'A1305239503002017010026', '晓宇便利店被盗案', '入户盗窃案', '2', '刑事案件', null, '待设定', null, '26', '23', '69', null, '2017-01-21', '1', '系统管理员', '0', '0', '0', '0', '1', null, null, null);
INSERT INTO `legal_case` VALUES ('46', '0', 'A1305239505002017010008', '潘巧云涉嫌掩饰、隐瞒犯罪所得案', '掩饰、隐瞒犯罪所得、犯罪所得收益', '2', '刑事案件', '15', '移送起诉', '2017-02-03', '45', '209', '217', null, '2017-01-06', '1', '系统管理员', '0', '0', '1', '0', '0', null, null, null);
INSERT INTO `legal_case` VALUES ('47', '0', 'A1305239200002017060046', '刘黑虎扰乱公共场所秩序案', '扰乱公共场所秩序', '3', '行政案件', null, '待设定', null, '46', '65', '89', null, null, '1', '系统管理员', '0', '0', '0', '0', '0', null, null, null);
INSERT INTO `legal_case` VALUES ('48', '0', 'A1305239300002017060003', '杓屯村打架案', '殴打他人', '3', '行政案件', null, '待设定', null, '47', '32', '33', null, null, '1', '系统管理员', '0', '0', '0', '0', '0', null, null, null);
INSERT INTO `legal_case` VALUES ('49', '0', 'A1305239300002017060003', '杓屯村打架案', '殴打他人', '3', '行政案件', null, '待设定', null, '48', '32', '33', null, null, '1', '系统管理员', '0', '0', '0', '0', '0', null, null, null);
INSERT INTO `legal_case` VALUES ('50', '0', 'A1305239200002017030043', '丘海霞被打', '殴打他人', '3', '行政案件', null, '待设定', null, '49', '86', '70', null, null, '1', '系统管理员', '0', '0', '0', '0', '0', null, null, null);
INSERT INTO `legal_case` VALUES ('51', '0', 'A1305239200002017030043', '丘海霞被打', '殴打他人', '3', '行政案件', null, '待设定', null, '50', '86', '70', null, null, '1', '系统管理员', '0', '0', '0', '0', '0', null, null, null);
INSERT INTO `legal_case` VALUES ('52', '0', 'A1305239200002017030043', '丘海霞被打', '殴打他人', '3', '行政案件', null, '待设定', null, '51', '86', '70', null, null, '1', '系统管理员', '0', '0', '0', '0', '0', null, null, null);
INSERT INTO `legal_case` VALUES ('53', '0', 'A1305239200002017030043', '丘海霞被打', '殴打他人', '3', '行政案件', null, '待设定', null, '52', '86', '70', null, null, '1', '系统管理员', '0', '0', '0', '0', '0', null, null, null);
INSERT INTO `legal_case` VALUES ('54', '0', 'A1305239200002017030043', '丘海霞被打', '殴打他人', '3', '行政案件', null, '待设定', null, '53', '86', '70', null, null, '1', '系统管理员', '0', '0', '0', '0', '0', null, null, null);
INSERT INTO `legal_case` VALUES ('55', '0', 'A1305239200002017060038', '杜立鹏挖掘机玻璃被砸坏案', '故意损毁财物', '3', '行政案件', null, '待设定', null, '54', '83', '76', null, null, '1', '系统管理员', '0', '0', '0', '0', '0', null, null, null);
INSERT INTO `legal_case` VALUES ('56', '0', 'A1305239200002017060038', '杜立鹏挖掘机玻璃被砸坏案', '故意损毁财物', '3', '行政案件', null, '待设定', null, '55', '83', '76', null, null, '1', '系统管理员', '0', '0', '0', '0', '0', null, null, null);
INSERT INTO `legal_case` VALUES ('57', '0', 'A1305238300002017060001', '滑运海被打案', '殴打他人', '3', '行政案件', null, '待设定', null, '56', '90', '42', null, null, '1', '系统管理员', '0', '0', '0', '0', '0', null, null, null);
INSERT INTO `legal_case` VALUES ('58', '0', 'A1305238300002017060001', '滑运海被打案', '殴打他人', '3', '行政案件', null, '待设定', null, '57', '90', '42', null, null, '1', '系统管理员', '0', '0', '0', '0', '0', null, null, null);
INSERT INTO `legal_case` VALUES ('59', '0', 'A1305238900002017060003', '乔二国被打案', '殴打他人', '3', '行政案件', null, '待设定', null, '58', '38', '39', null, null, '1', '系统管理员', '0', '0', '0', '0', '0', null, null, null);
INSERT INTO `legal_case` VALUES ('60', '0', 'A1305238900002017060003', '乔二国被打案', '殴打他人', '3', '行政案件', null, '待设定', null, '59', '38', '39', null, null, '1', '系统管理员', '0', '0', '0', '0', '0', null, null, null);
INSERT INTO `legal_case` VALUES ('61', '0', 'A1305238700002017060003', '王青海、王群海被殴打案', '殴打他人', '3', '行政案件', null, '待设定', null, '60', '45', '47', null, null, '1', '系统管理员', '0', '0', '0', '0', '0', null, null, null);
INSERT INTO `legal_case` VALUES ('62', '0', 'A1305239200002017060003', '尹春梅卖淫案', '卖淫', '3', '行政案件', '18', '行政处理', '2017-06-02', '61', '65', '89', null, null, '1', '系统管理员', '0', '0', '0', '0', '0', '对尹春梅罚款伍佰元整。,,', null, '500');
INSERT INTO `legal_case` VALUES ('63', '0', 'A1305239100002017040018', '于素霞、于军卫被打案', '殴打他人', '3', '行政案件', null, '待设定', null, '62', '17', '14', null, null, '1', '系统管理员', '0', '0', '0', '0', '0', null, null, null);
INSERT INTO `legal_case` VALUES ('64', '0', 'A1305239100002017050009', '王振勇.于占军.李丽芳打架案', '殴打他人', '3', '行政案件', null, '待设定', null, '63', '14', '17', null, null, '1', '系统管理员', '0', '0', '0', '0', '0', null, null, null);
INSERT INTO `legal_case` VALUES ('65', '0', 'A1305239300002017040010', '耿立辉等人打架案', '殴打他人', '3', '行政案件', null, '待设定', null, '64', '33', '31', null, null, '1', '系统管理员', '0', '0', '0', '0', '0', null, null, null);
INSERT INTO `legal_case` VALUES ('66', '0', 'A1305239300002017040010', '耿立辉等人打架案', '殴打他人', '3', '行政案件', null, '待设定', null, '65', '33', '31', null, null, '1', '系统管理员', '0', '0', '0', '0', '0', null, null, null);
INSERT INTO `legal_case` VALUES ('67', '0', 'A1305239300002017040010', '耿立辉等人打架案', '殴打他人', '3', '行政案件', null, '待设定', null, '66', '33', '31', null, null, '1', '系统管理员', '0', '0', '0', '0', '0', null, null, null);
INSERT INTO `legal_case` VALUES ('68', '0', 'A1305239300002017040010', '耿立辉等人打架案', '殴打他人', '3', '行政案件', null, '待设定', null, '67', '33', '31', null, null, '1', '系统管理员', '0', '0', '0', '0', '0', null, null, null);
INSERT INTO `legal_case` VALUES ('70', '0', 'A1305239300002017040010', '耿立辉等人打架案', '殴打他人', '3', '行政案件', null, '待设定', null, '69', '33', '31', null, null, '1', '系统管理员', '0', '0', '0', '0', '0', null, null, null);
INSERT INTO `legal_case` VALUES ('71', '0', 'A1305239300002017040010', '耿立辉等人打架案', '殴打他人', '3', '行政案件', null, '待设定', null, '70', '33', '31', null, null, '1', '系统管理员', '0', '0', '0', '0', '0', null, null, null);
INSERT INTO `legal_case` VALUES ('72', '0', 'A1305239300002017040010', '耿立辉等人打架案', '殴打他人', '3', '行政案件', null, '待设定', null, '71', '33', '31', null, null, '1', '系统管理员', '0', '0', '0', '0', '0', null, null, null);
INSERT INTO `legal_case` VALUES ('73', '0', 'A1305239300002017040010', '耿立辉等人打架案', '殴打他人', '3', '行政案件', null, '待设定', null, '72', '33', '31', null, null, '1', '系统管理员', '0', '0', '0', '0', '0', null, null, null);
INSERT INTO `legal_case` VALUES ('74', '0', 'A1305239300002017040010', '耿立辉等人打架案', '殴打他人', '3', '行政案件', null, '待设定', null, '73', '33', '31', null, null, '1', '系统管理员', '0', '0', '0', '0', '0', null, null, null);
INSERT INTO `legal_case` VALUES ('75', '0', 'A1305239300002017040010', '耿立辉等人打架案', '殴打他人', '3', '行政案件', null, '待设定', null, '74', '33', '31', null, null, '1', '系统管理员', '0', '0', '0', '0', '0', null, null, null);
INSERT INTO `legal_case` VALUES ('76', '0', 'A1305239300002017050014', '杜彦朋殴打他人案', '殴打他人', '3', '行政案件', null, '待设定', null, '75', '31', '33', null, null, '1', '系统管理员', '0', '0', '0', '0', '0', null, null, null);
INSERT INTO `legal_case` VALUES ('77', '0', 'A1305238600002017060003', '郝仁海被打案', '殴打他人', '3', '行政案件', null, '待设定', null, '76', '48', '50', null, null, '1', '系统管理员', '0', '0', '0', '0', '0', null, null, null);
INSERT INTO `legal_case` VALUES ('78', '0', 'A1305239300002017060005', '吕贵兰家被砸案', '故意损毁财物', '3', '行政案件', null, '待设定', null, '77', '31', '32', null, null, '1', '系统管理员', '0', '0', '0', '0', '0', null, null, null);
INSERT INTO `legal_case` VALUES ('80', '0', 'A1305239200002017040005', '任志军被打案', '殴打他人', '3', '行政案件', null, '待设定', null, '79', '65', '89', null, null, '1', '系统管理员', '0', '0', '0', '0', '0', null, null, null);
INSERT INTO `legal_case` VALUES ('81', '0', 'A1305239200002017040006', '赵书润被打案', '殴打他人', '3', '行政案件', null, '待设定', null, '80', '80', '74', null, null, '1', '系统管理员', '0', '0', '0', '0', '0', null, null, null);
INSERT INTO `legal_case` VALUES ('82', '0', 'A1305238600002017060001', '太行高速公路马家赛一号桥废旧钢筋被盗案（治安）', '盗窃', '3', '行政案件', null, '待设定', null, '81', '48', '50', null, null, '1', '系统管理员', '0', '0', '0', '0', '0', null, null, null);
INSERT INTO `legal_case` VALUES ('83', '0', 'A1305238600002017060001', '太行高速公路马家赛一号桥废旧钢筋被盗案（治安）', '盗窃', '3', '行政案件', null, '待设定', null, '82', '48', '50', null, null, '1', '系统管理员', '0', '0', '0', '0', '0', null, null, null);
INSERT INTO `legal_case` VALUES ('84', '0', 'A1305239200002017050029', '焦杰被打', '殴打他人', '3', '行政案件', null, '待设定', null, '83', '70', '86', null, null, '1', '系统管理员', '0', '0', '0', '0', '0', null, null, null);
INSERT INTO `legal_case` VALUES ('85', '0', 'A1305239200002017010049', '李二熊被打案', '殴打他人', '3', '行政案件', '18', '行政处理', '2017-05-05', '84', '83', '76', null, null, '1', '系统管理员', '0', '0', '0', '0', '0', '对韩永辉罚款伍佰元整。,,', null, '500');
INSERT INTO `legal_case` VALUES ('86', '0', 'A1305238500002017060002', '栗峪山李杰和冀鹏珍打架案', '殴打他人', '3', '行政案件', null, '待设定', null, '85', '53', '55', null, null, '1', '系统管理员', '0', '0', '0', '0', '0', null, null, null);
INSERT INTO `legal_case` VALUES ('87', '0', 'A1305239200002017050033', '赵吉欣被伤害案', '殴打他人', '3', '行政案件', null, '待设定', null, '86', '65', '89', null, null, '1', '系统管理员', '0', '0', '0', '0', '0', null, null, null);
INSERT INTO `legal_case` VALUES ('88', '0', 'A1305239300002017060001', '高立敏与韩仁芬等人打架案', '殴打他人', '3', '行政案件', null, '待设定', null, '87', '33', '31', null, null, '1', '系统管理员', '0', '0', '0', '0', '0', null, null, null);
INSERT INTO `legal_case` VALUES ('89', '0', 'A1305239300002017060001', '高立敏与韩仁芬等人打架案', '殴打他人', '3', '行政案件', null, '待设定', null, '88', '33', '31', null, null, '1', '系统管理员', '0', '0', '0', '0', '0', null, null, null);
INSERT INTO `legal_case` VALUES ('90', '0', 'A1305239200002017050052', '张旭华被打案', '殴打他人', '3', '行政案件', null, '待设定', null, '89', '76', '83', null, null, '1', '系统管理员', '0', '0', '0', '0', '0', null, null, null);
INSERT INTO `legal_case` VALUES ('91', '0', 'A1305239000002017060005', '李振宇、孙翠被打案', '殴打他人', '3', '行政案件', null, '待设定', null, '90', '34', '36', null, null, '1', '系统管理员', '0', '0', '0', '0', '0', null, null, null);
INSERT INTO `legal_case` VALUES ('92', '0', 'A1305239000002017060005', '李振宇、孙翠被打案', '殴打他人', '3', '行政案件', null, '待设定', null, '91', '34', '36', null, null, '1', '系统管理员', '0', '0', '0', '0', '0', null, null, null);
INSERT INTO `legal_case` VALUES ('93', '0', 'A1305239000002017060004', '徐建维汽车被砸案', '故意损毁财物', '3', '行政案件', null, '待设定', null, '92', '34', '36', null, null, '1', '系统管理员', '0', '0', '0', '0', '0', null, null, null);
INSERT INTO `legal_case` VALUES ('94', '0', 'A1305238600002017060002', '冯宇洲和刘国斌盗窃案', '盗窃', '3', '行政案件', null, '待设定', null, '93', '48', '50', null, null, '1', '系统管理员', '0', '0', '0', '0', '0', null, null, null);
INSERT INTO `legal_case` VALUES ('95', '0', 'A1305238600002017060002', '冯宇洲和刘国斌盗窃案', '盗窃', '3', '行政案件', null, '待设定', null, '94', '48', '50', null, null, '1', '系统管理员', '0', '0', '0', '0', '0', null, null, null);
INSERT INTO `legal_case` VALUES ('97', '0', 'A1305239200002017060028', '张宇飞被打案', '殴打他人', '3', '行政案件', null, '待设定', null, '96', '80', '74', null, null, '1', '系统管理员', '0', '0', '0', '0', '0', null, null, null);
INSERT INTO `legal_case` VALUES ('98', '0', 'A1305238900002017050004', '李建红被打', '殴打他人', '3', '行政案件', null, '待设定', null, '97', '37', '39', null, null, '1', '系统管理员', '0', '0', '0', '0', '0', null, null, null);
INSERT INTO `legal_case` VALUES ('99', '0', 'A1305238900002017050004', '李建红被打', '殴打他人', '3', '行政案件', null, '待设定', null, '98', '37', '39', null, null, '1', '系统管理员', '0', '0', '0', '0', '0', null, null, null);
INSERT INTO `legal_case` VALUES ('100', '0', 'A1305238900002017050004', '李建红被打', '殴打他人', '3', '行政案件', null, '待设定', null, '99', '37', '39', null, null, '1', '系统管理员', '0', '0', '0', '0', '0', null, null, null);
INSERT INTO `legal_case` VALUES ('101', '0', 'A1305238900002017050004', '李建红被打', '殴打他人', '3', '行政案件', null, '待设定', null, '100', '37', '39', null, null, '1', '系统管理员', '0', '0', '0', '0', '0', null, null, null);
INSERT INTO `legal_case` VALUES ('102', '0', 'A1305239200002017010044', '王军瑞被打', '殴打他人', '3', '行政案件', null, '待设定', null, '101', '70', '86', null, null, '1', '系统管理员', '0', '0', '0', '0', '0', null, null, null);
INSERT INTO `legal_case` VALUES ('103', '0', 'A1305239200002017010044', '王军瑞被打', '殴打他人', '3', '行政案件', null, '待设定', null, '102', '70', '86', null, null, '1', '系统管理员', '0', '0', '0', '0', '0', null, null, null);
INSERT INTO `legal_case` VALUES ('104', '0', 'A1305239200002017050048', '真情唱响网咖电脑被损坏案', '故意损毁财物', '3', '行政案件', null, '待设定', null, '103', '65', '89', null, null, '1', '系统管理员', '0', '0', '0', '0', '0', null, null, null);
INSERT INTO `legal_case` VALUES ('105', '0', 'A1305238900002017030002', '诣仁村周明立被打案', '殴打他人', '3', '行政案件', null, '待设定', null, '104', '38', '39', null, null, '1', '系统管理员', '0', '0', '0', '0', '0', null, null, null);
INSERT INTO `legal_case` VALUES ('106', '0', 'A1305239300002017050007', '杨爱国家棋牌室电动麻将桌被毁案', '故意损毁财物', '3', '行政案件', null, '待设定', null, '105', '31', '33', null, null, '1', '系统管理员', '0', '0', '0', '0', '0', null, null, null);
INSERT INTO `legal_case` VALUES ('107', '0', 'A1305239100002017040019', '张永强被打案', '殴打他人', '3', '行政案件', null, '待设定', null, '106', '16', '21', null, null, '1', '系统管理员', '0', '0', '0', '0', '0', null, null, null);
INSERT INTO `legal_case` VALUES ('108', '0', 'A1305239100002017040019', '张永强被打案', '殴打他人', '3', '行政案件', null, '待设定', null, '107', '16', '21', null, null, '1', '系统管理员', '0', '0', '0', '0', '0', null, null, null);
INSERT INTO `legal_case` VALUES ('109', '0', 'A1305239100002017020018', '路孟伟被敲诈勒索', '敲诈勒索', '3', '行政案件', null, '待设定', null, '108', '15', '22', null, null, '1', '系统管理员', '0', '0', '0', '0', '0', null, null, null);
INSERT INTO `legal_case` VALUES ('110', '0', 'A1305239200002017050038', '李彦青和孟翠玉打架', '殴打他人', '3', '行政案件', null, '待设定', null, '109', '70', '86', null, null, '1', '系统管理员', '0', '0', '0', '0', '0', null, null, null);
INSERT INTO `legal_case` VALUES ('111', '0', 'A1305239200002017060013', '武喜增被打案', '殴打他人', '3', '行政案件', null, '待设定', null, '110', '80', '74', null, null, '1', '系统管理员', '0', '0', '0', '0', '0', null, null, null);
INSERT INTO `legal_case` VALUES ('112', '0', 'A1305239200002017040027', '张志峰被故意伤害身体案', '故意伤害他人身体', '3', '行政案件', null, '待设定', null, '111', '76', '83', null, null, '1', '系统管理员', '0', '0', '0', '0', '0', null, null, null);
INSERT INTO `legal_case` VALUES ('113', '0', 'A1305239200002017040045', '崔云霞与冀旭红等人打架案', '殴打他人', '3', '行政案件', null, '待设定', null, '112', '80', '74', null, '2017-07-13', '1', '系统管理员', '0', '0', '0', '0', '0', null, null, null);
INSERT INTO `legal_case` VALUES ('114', '0', 'A1305239200002017040045', '崔云霞与冀旭红等人打架案', '殴打他人', '3', '行政案件', null, '待设定', null, '113', '80', '74', null, null, '1', '系统管理员', '0', '0', '0', '0', '0', null, null, null);
INSERT INTO `legal_case` VALUES ('115', '0', 'A1305239100002017060004', '霍二壮家被故意损毁财物案（未遂）', '故意损毁财物', '3', '行政案件', null, '待设定', null, '114', '15', '22', null, null, '1', '系统管理员', '0', '0', '0', '0', '0', null, null, null);
INSERT INTO `legal_case` VALUES ('116', '0', 'A1305239100002017040020', '王少虎被打案', '殴打他人', '3', '行政案件', null, '待设定', null, '115', '15', '22', null, null, '1', '系统管理员', '0', '0', '0', '0', '0', null, null, null);
INSERT INTO `legal_case` VALUES ('117', '0', 'A1305239100002017040020', '王少虎被打案', '殴打他人', '3', '行政案件', null, '待设定', null, '116', '15', '22', null, null, '1', '系统管理员', '0', '0', '0', '0', '0', null, null, null);
INSERT INTO `legal_case` VALUES ('118', '0', 'A1305239200002017040021', '闫帅聪被打案', '殴打他人', '3', '行政案件', null, '待设定', null, '117', '80', '74', null, null, '1', '系统管理员', '0', '0', '0', '0', '0', null, null, null);
INSERT INTO `legal_case` VALUES ('119', '0', 'A1305239200002017060010', '张运强和郝文杰打架', '殴打他人', '3', '行政案件', null, '待设定', null, '118', '70', '86', null, null, '1', '系统管理员', '0', '0', '0', '0', '0', null, null, null);
INSERT INTO `legal_case` VALUES ('120', '0', 'A1305239100002017060006', '施海霞被打案', '殴打他人', '3', '行政案件', null, '待设定', null, '119', '14', '17', null, null, '1', '系统管理员', '0', '0', '0', '0', '0', null, null, null);
INSERT INTO `legal_case` VALUES ('121', '0', 'A1305239200002017060003', '尹春梅卖淫案', '卖淫', '3', '行政案件', '18', '行政处理', '2017-06-02', '120', '65', '89', null, null, '1', '系统管理员', '0', '0', '0', '0', '0', '对解连生罚款伍佰元整。,,', null, '500');
INSERT INTO `legal_case` VALUES ('122', '0', 'A1305238900002017050001', '智爱申被打', '殴打他人', '3', '行政案件', '18', '行政处理', '2017-05-30', '121', '37', '39', null, null, '1', '系统管理员', '0', '0', '0', '0', '0', '对李现国罚款贰佰元整。,,', null, '200');
INSERT INTO `legal_case` VALUES ('124', '0', 'A1305239200002017050035', '吴晨旭被打案', '殴打他人', '3', '行政案件', null, '待设定', null, '123', '80', '74', null, null, '1', '系统管理员', '0', '0', '0', '0', '0', null, null, null);
INSERT INTO `legal_case` VALUES ('125', '0', 'A1305238500002017060001', '獐么供电所财物被毁案', '故意损毁财物', '3', '行政案件', '18', '行政处理', '2017-06-01', '124', '53', '55', null, null, '1', '系统管理员', '0', '0', '0', '0', '0', '对赵勇强行政拘留十日。,,', '10', null);
INSERT INTO `legal_case` VALUES ('126', '0', 'A1305239200002017050018', '郭爱平和武延英打架', '殴打他人', '3', '行政案件', null, '待设定', null, '125', '70', '86', null, null, '1', '系统管理员', '0', '0', '0', '0', '0', null, null, null);
INSERT INTO `legal_case` VALUES ('127', '0', 'A1305239200002017050018', '郭爱平和武延英打架', '殴打他人', '3', '行政案件', null, '待设定', null, '126', '70', '86', null, null, '1', '系统管理员', '0', '0', '0', '0', '0', null, null, null);
INSERT INTO `legal_case` VALUES ('128', '0', 'A1305239200002017040020', '宁培培被打案', '殴打他人', '3', '行政案件', null, '待设定', null, '127', '65', '89', null, null, '1', '系统管理员', '0', '0', '0', '0', '0', null, null, null);
INSERT INTO `legal_case` VALUES ('129', '0', 'A1305239200002017040007', '丁瑞被打案', '殴打他人', '3', '行政案件', null, '待设定', null, '128', '80', '74', null, null, '1', '系统管理员', '0', '0', '0', '0', '0', null, null, null);
INSERT INTO `legal_case` VALUES ('130', '0', 'A1305239200002017040007', '丁瑞被打案', '殴打他人', '3', '行政案件', null, '待设定', null, '129', '80', '74', null, null, '1', '系统管理员', '0', '0', '0', '0', '0', null, null, null);
INSERT INTO `legal_case` VALUES ('131', '0', 'A1305239200002017040007', '丁瑞被打案', '殴打他人', '3', '行政案件', null, '待设定', null, '130', '80', '74', null, null, '1', '系统管理员', '0', '0', '0', '0', '0', null, null, null);
INSERT INTO `legal_case` VALUES ('132', '0', 'A1305239200002017040007', '丁瑞被打案', '殴打他人', '3', '行政案件', null, '待设定', null, '131', '80', '74', null, null, '1', '系统管理员', '0', '0', '0', '0', '0', null, null, null);
INSERT INTO `legal_case` VALUES ('133', '0', 'A1305238900002017050009', '赵全胜被打', '殴打他人', '3', '行政案件', null, '待设定', null, '132', '37', '39', null, null, '1', '系统管理员', '0', '0', '0', '0', '0', null, null, null);
INSERT INTO `legal_case` VALUES ('134', '0', 'A1305238300002017050004', '贾志良被打案', '殴打他人', '3', '行政案件', null, '待设定', null, '133', '90', '43', null, null, '1', '系统管理员', '0', '0', '0', '0', '0', null, null, null);
INSERT INTO `legal_case` VALUES ('135', '0', 'A1305239200002017050045', '贾瑞豪被打', '殴打他人', '3', '行政案件', null, '待设定', null, '134', '86', '70', null, null, '1', '系统管理员', '0', '0', '0', '0', '0', null, null, null);
INSERT INTO `legal_case` VALUES ('136', '0', 'A1305239000002017050005', '崔许士被打案', '殴打他人', '3', '行政案件', null, '待设定', null, '135', '34', '36', null, null, '1', '系统管理员', '0', '0', '0', '0', '0', null, null, null);
INSERT INTO `legal_case` VALUES ('137', '0', 'A1305239100002017050019', '李双增家玻璃被损案', '故意损毁财物', '3', '行政案件', null, '待设定', null, '136', '16', '21', null, null, '1', '系统管理员', '0', '0', '0', '0', '0', null, null, null);
INSERT INTO `legal_case` VALUES ('138', '0', 'A1305238400002017050010', '任宝贵被打案', '殴打他人', '3', '行政案件', null, '待设定', null, '137', '57', '220', null, null, '1', '系统管理员', '0', '0', '0', '0', '0', null, null, null);
INSERT INTO `legal_case` VALUES ('139', '0', 'A1305238600002017050004', '乔文小被打案', '殴打他人', '3', '行政案件', null, '待设定', null, '138', '48', '50', null, '2017-07-20', '1', '系统管理员', '0', '0', '0', '0', '0', null, null, null);
INSERT INTO `legal_case` VALUES ('140', '0', 'A1305239200002017040031', '王利超被打', '殴打他人', '3', '行政案件', null, '待设定', null, '139', '70', '86', null, null, '1', '系统管理员', '0', '0', '0', '0', '0', null, null, null);
INSERT INTO `legal_case` VALUES ('141', '0', 'A1305239200002017040031', '王利超被打', '殴打他人', '2', '行政案件', null, '待设定', null, '140', '70', '86', null, '2017-07-12', '1', '系统管理员', '0', '0', '0', '0', '0', null, null, null);
INSERT INTO `legal_case` VALUES ('142', '0', 'A1305239200002017040031', '王利超被打', '殴打他人', '3', '行政案件', null, '待设定', null, '141', '70', '86', null, null, '1', '系统管理员', '0', '0', '0', '0', '0', null, null, null);
INSERT INTO `legal_case` VALUES ('143', '0', 'A1305239200002017040031', '王利超被打', '殴打他人', '3', '行政案件', null, '待设定', null, '142', '70', '86', null, null, '1', '系统管理员', '0', '0', '0', '0', '0', null, null, null);
INSERT INTO `legal_case` VALUES ('144', '0', 'A1305239200002017040031', '王利超被打', '殴打他人', '3', '行政案件', null, '待设定', null, '143', '70', '86', null, null, '1', '系统管理员', '0', '0', '0', '0', '0', null, null, null);
INSERT INTO `legal_case` VALUES ('145', '0', 'A1305239200002017030024', '冀桂英被打', '殴打他人', '3', '行政案件', null, '待设定', null, '144', '86', '70', null, null, '1', '系统管理员', '0', '0', '0', '0', '0', null, null, null);
INSERT INTO `legal_case` VALUES ('146', '0', 'A1305239200002017040037', '杨昱珂被打案', '殴打他人', '3', '行政案件', null, '待设定', null, '145', '80', '74', null, null, '1', '系统管理员', '0', '0', '0', '0', '0', null, null, null);
INSERT INTO `legal_case` VALUES ('147', '0', 'A1305239200002017040037', '杨昱珂被打案', '殴打他人', '3', '行政案件', null, '待设定', null, '146', '80', '74', null, null, '1', '系统管理员', '0', '0', '0', '0', '0', null, null, null);
INSERT INTO `legal_case` VALUES ('148', '0', 'A1305239200002017040037', '杨昱珂被打案', '殴打他人', '3', '行政案件', null, '待设定', null, '147', '80', '74', null, null, '1', '系统管理员', '0', '0', '0', '0', '0', null, null, null);
INSERT INTO `legal_case` VALUES ('149', '0', 'A1305239200002017040037', '杨昱珂被打案', '殴打他人', '3', '行政案件', null, '待设定', null, '148', '80', '74', null, null, '1', '系统管理员', '0', '0', '0', '0', '0', null, null, null);
INSERT INTO `legal_case` VALUES ('150', '0', 'A1305239200002017040037', '杨昱珂被打案', '殴打他人', '3', '行政案件', null, '待设定', null, '149', '80', '74', null, null, '1', '系统管理员', '0', '0', '0', '0', '0', null, null, null);
INSERT INTO `legal_case` VALUES ('151', '0', 'A1305239200002017040037', '杨昱珂被打案', '殴打他人', '3', '行政案件', null, '待设定', null, '150', '80', '74', null, null, '1', '系统管理员', '0', '0', '0', '0', '0', null, null, null);
INSERT INTO `legal_case` VALUES ('152', '0', 'A1305239200002017040037', '杨昱珂被打案', '殴打他人', '3', '行政案件', null, '待设定', null, '151', '80', '74', null, null, '1', '系统管理员', '0', '0', '0', '0', '0', null, null, null);
INSERT INTO `legal_case` VALUES ('153', '0', 'A1305239200002017040037', '杨昱珂被打案', '殴打他人', '3', '行政案件', null, '待设定', null, '152', '80', '74', null, null, '1', '系统管理员', '0', '0', '0', '0', '0', null, null, null);
INSERT INTO `legal_case` VALUES ('154', '0', 'A1305239200002017040037', '杨昱珂被打案', '殴打他人', '3', '行政案件', null, '待设定', null, '153', '80', '74', null, null, '1', '系统管理员', '0', '0', '0', '0', '0', null, null, null);
INSERT INTO `legal_case` VALUES ('155', '0', 'A1305239200002017040037', '杨昱珂被打案', '殴打他人', '3', '行政案件', null, '待设定', null, '154', '80', '74', null, null, '1', '系统管理员', '0', '0', '0', '0', '0', null, null, null);
INSERT INTO `legal_case` VALUES ('156', '0', 'A1305238900002017050007', '范玉杰与尹方辉打架案', '殴打他人', '3', '行政案件', null, '待设定', null, '155', '37', '39', null, null, '1', '系统管理员', '0', '0', '0', '0', '0', null, null, null);
INSERT INTO `legal_case` VALUES ('157', '0', 'A1305238900002017050007', '范玉杰与尹方辉打架案', '殴打他人', '3', '行政案件', null, '待设定', null, '156', '37', '39', null, null, '1', '系统管理员', '0', '0', '0', '0', '0', null, null, null);
INSERT INTO `legal_case` VALUES ('158', '0', 'A1305238900002017050007', '范玉杰与尹方辉打架案', '殴打他人', '3', '行政案件', null, '待设定', null, '157', '37', '39', null, null, '1', '系统管理员', '0', '0', '0', '0', '0', null, null, null);
INSERT INTO `legal_case` VALUES ('159', '0', 'A1305239300002017050010', '韩芬妮被打案', '殴打他人', '2', '行政案件', null, '待设定', null, '158', '87', '33', null, '2017-07-14', '1', '系统管理员', '0', '0', '0', '0', '0', null, null, null);
INSERT INTO `legal_case` VALUES ('160', '0', 'A1305239100002017040015', '曹计平被打案', '殴打他人', '3', '行政案件', null, '待设定', null, '159', '16', '21', null, null, '1', '系统管理员', '0', '0', '0', '0', '0', null, null, null);
INSERT INTO `legal_case` VALUES ('161', '0', 'A1305239706002017050001', '牛建平、王存峰非法处置危险物质案', '非法制造、买卖、储存、运输、邮寄、携带、使用、提供、处置危险物质', '3', '行政案件', '18', '行政处理', '2017-05-18', '160', '18', '27', null, null, '1', '系统管理员', '0', '0', '0', '0', '0', '对牛建平行政拘留十五日。,,', '15', null);
INSERT INTO `legal_case` VALUES ('162', '0', 'A1305239706002017050001', '牛建平、王存峰非法处置危险物质案', '非法制造、买卖、储存、运输、邮寄、携带、使用、提供、处置危险物质', '3', '行政案件', '18', '行政处理', '2017-05-18', '161', '18', '27', null, null, '1', '系统管理员', '0', '0', '0', '0', '0', '对王存峰行政拘留十五日。,,', '15', null);
INSERT INTO `legal_case` VALUES ('163', '0', 'A1305239800002017050004', '郝建敏二次饮酒驾驶机动车案', '因饮酒后驾驶机动车被处罚，再次饮酒后驾驶机动车', '3', '行政案件', null, '待设定', null, '162', '213', '212', null, null, '1', '系统管理员', '0', '0', '0', '0', '0', null, null, null);
INSERT INTO `legal_case` VALUES ('164', '0', 'A1305238300002017050001', '东北光村白蜡树被损毁案', '故意损毁财物', '3', '行政案件', '18', '行政处理', '2017-05-02', '163', '90', '42', null, null, '1', '系统管理员', '0', '0', '0', '0', '0', '对王仁海行政拘留十日。,,', '10', null);
INSERT INTO `legal_case` VALUES ('165', '0', 'A1305238300002017030004', '韩力民被殴打案', '殴打他人', '3', '行政案件', null, '待设定', null, '164', '90', '43', null, null, '1', '系统管理员', '0', '0', '0', '0', '0', null, null, null);
INSERT INTO `legal_case` VALUES ('166', '0', 'A1305238300002017030004', '韩力民被殴打案', '殴打他人', '3', '行政案件', null, '待设定', null, '165', '90', '43', null, null, '1', '系统管理员', '0', '0', '0', '0', '0', null, null, null);
INSERT INTO `legal_case` VALUES ('167', '0', 'A1305238300002017030004', '韩力民被殴打案', '殴打他人', '3', '行政案件', null, '待设定', null, '166', '90', '43', null, null, '1', '系统管理员', '0', '0', '0', '0', '0', null, null, null);
INSERT INTO `legal_case` VALUES ('168', '0', 'A1305239200002017040032', '王军廷王永飞和郭占杰打架案', '殴打他人', '3', '行政案件', null, '待设定', null, '167', '65', '89', null, null, '1', '系统管理员', '0', '0', '0', '0', '0', null, null, null);
INSERT INTO `legal_case` VALUES ('169', '0', 'A1305239200002017040032', '王军廷王永飞和郭占杰打架案', '殴打他人', '3', '行政案件', null, '待设定', null, '168', '65', '89', null, null, '1', '系统管理员', '0', '0', '0', '0', '0', null, null, null);
INSERT INTO `legal_case` VALUES ('170', '0', 'A1305239100002017040014', '王雪芬被打案', '殴打他人', '3', '行政案件', null, '待设定', null, '169', '16', '21', null, null, '1', '系统管理员', '0', '0', '0', '0', '0', null, null, null);
INSERT INTO `legal_case` VALUES ('171', '0', 'A1305239200002017050014', '王洪强等殴打他人案', '寻衅滋事', '3', '行政案件', null, '待设定', null, '170', '76', '83', null, null, '1', '系统管理员', '0', '0', '0', '0', '0', null, null, null);
INSERT INTO `legal_case` VALUES ('172', '0', 'A1305239200002017050014', '王洪强等殴打他人案', '寻衅滋事', '3', '行政案件', null, '待设定', null, '171', '76', '83', null, null, '1', '系统管理员', '0', '0', '0', '0', '0', null, null, null);
INSERT INTO `legal_case` VALUES ('173', '0', 'A1305239200002017050011', '崔少甫牛犇被打案', '殴打他人', '3', '行政案件', null, '待设定', null, '172', '76', '83', null, null, '1', '系统管理员', '0', '0', '0', '0', '0', null, null, null);
INSERT INTO `legal_case` VALUES ('174', '0', 'A1305239200002017050011', '崔少甫牛犇被打案', '殴打他人', '3', '行政案件', null, '待设定', null, '173', '76', '83', null, null, '1', '系统管理员', '0', '0', '0', '0', '0', null, null, null);
INSERT INTO `legal_case` VALUES ('175', '0', 'A1305239200002017050012', '赵柳霞被打案', '殴打他人', '3', '行政案件', null, '待设定', null, '174', '80', '74', null, null, '1', '系统管理员', '0', '0', '0', '0', '0', null, null, null);
INSERT INTO `legal_case` VALUES ('176', '0', 'A1305239100002017050008', '王平生被殴打案', '殴打他人', '3', '行政案件', null, '待设定', null, '114', '15', '14', null, null, '1', '系统管理员', '0', '0', '0', '0', '0', null, null, null);
INSERT INTO `legal_case` VALUES ('177', '0', 'A1305238900002017050002', '谢如平寻衅滋事', '寻衅滋事', '3', '行政案件', '18', '行政处理', '2017-05-09', '175', '37', '38', null, null, '1', '系统管理员', '0', '0', '0', '0', '0', '对谢如平行政拘留十日，并处罚款伍佰元整。,,', '10', '500');
INSERT INTO `legal_case` VALUES ('178', '0', 'A1305238600002017050001', '杨碧军等人被打案', '殴打他人', '3', '行政案件', null, '待设定', null, '176', '48', '50', null, null, '1', '系统管理员', '0', '0', '0', '0', '0', null, null, null);
INSERT INTO `legal_case` VALUES ('179', '0', 'A1305239000002017040005', '西阳村王明达与杨世正打架案', '殴打他人', '3', '行政案件', null, '待设定', null, '177', '35', '36', null, null, '1', '系统管理员', '0', '0', '0', '0', '0', null, null, null);
INSERT INTO `legal_case` VALUES ('180', '0', 'A1305239000002017040005', '西阳村王明达与杨世正打架案', '殴打他人', '3', '行政案件', null, '待设定', null, '178', '35', '36', null, null, '1', '系统管理员', '0', '0', '0', '0', '0', null, null, null);
INSERT INTO `legal_case` VALUES ('181', '0', 'A1305239000002017040005', '西阳村王明达与杨世正打架案', '殴打他人', '3', '行政案件', null, '待设定', null, '179', '35', '36', null, null, '1', '系统管理员', '0', '0', '0', '0', '0', null, null, null);
INSERT INTO `legal_case` VALUES ('182', '0', 'A1305239200002017040013', '滑振桁被打', '殴打他人', '3', '行政案件', null, '待设定', null, '180', '86', '70', null, null, '1', '系统管理员', '0', '0', '0', '0', '0', null, null, null);
INSERT INTO `legal_case` VALUES ('183', '0', 'A1305239800002017050001', '刘智超肇事逃逸案', '造成交通事故后逃逸，尚不构成犯罪', '3', '行政案件', '18', '行政处理', '2017-05-03', '181', '212', '214', null, null, '1', '系统管理员', '0', '0', '0', '0', '0', '对刘智超罚款壹仟元整，行政拘留十日。,对刘智超行政拘留五日，并处罚款贰佰元整。,', '15', '1200');
INSERT INTO `legal_case` VALUES ('184', '2', 'A1305239200002017030011', '翟龙龙为赌博提供条件案', '为赌博提供条件', '3', '行政案件', '18', '行政处理', '2017-03-07', '182', '65', '89', null, null, '1', '系统管理员', '0', '0', '0', '0', '0', '对韩彦彬罚款伍佰元整。,,', null, '500');
INSERT INTO `legal_case` VALUES ('185', '2', 'A1305239200002017030011', '翟龙龙为赌博提供条件案', '为赌博提供条件', '3', '行政案件', '18', '行政处理', '2017-03-07', '183', '65', '89', null, null, '1', '系统管理员', '0', '0', '0', '0', '0', '对胡晓杨罚款伍佰元整。,,', null, '500');
INSERT INTO `legal_case` VALUES ('186', '2', 'A1305239200002017030011', '翟龙龙为赌博提供条件案', '为赌博提供条件', '3', '行政案件', '18', '行政处理', '2017-03-07', '184', '65', '89', null, null, '1', '系统管理员', '0', '0', '0', '0', '0', '对刘春雷罚款伍佰元整。,,', null, '500');
INSERT INTO `legal_case` VALUES ('187', '2', 'A1305239200002017030011', '翟龙龙为赌博提供条件案', '为赌博提供条件', '3', '行政案件', '18', '行政处理', '2017-03-08', '185', '65', '89', null, null, '1', '系统管理员', '0', '0', '0', '0', '0', '对翟龙龙行政拘留十日，并处罚款壹仟伍佰元整。,,', '10', '1500');
INSERT INTO `legal_case` VALUES ('188', '0', 'A1305238300002017040005', '杨城被殴打案', '殴打他人', '3', '行政案件', null, '待设定', null, '186', '90', '43', null, null, '1', '系统管理员', '0', '0', '0', '0', '0', null, null, null);
INSERT INTO `legal_case` VALUES ('189', '0', 'A1305239200002017040035', '亢凯旋被打案', '殴打他人', '3', '行政案件', null, '待设定', null, '187', '65', '89', null, null, '1', '系统管理员', '0', '0', '0', '0', '0', null, null, null);
INSERT INTO `legal_case` VALUES ('190', '0', 'A1305239300002017040011', '邢月平家大门及报箱被损坏案', '故意损毁财物', '3', '行政案件', null, '待设定', null, '77', '33', '31', null, null, '1', '系统管理员', '0', '0', '0', '0', '0', null, null, null);
INSERT INTO `legal_case` VALUES ('191', '0', 'A1305239300002017040009', '刘欢欢家玻璃被砸坏案', '故意损毁财物', '3', '行政案件', null, '待设定', null, '188', '33', '31', null, null, '1', '系统管理员', '0', '0', '0', '0', '0', null, null, null);
INSERT INTO `legal_case` VALUES ('192', '0', 'A1305238600002017020003', '王忙妮被打案', '殴打他人', '3', '行政案件', null, '待设定', null, '189', '48', '50', null, null, '1', '系统管理员', '0', '0', '0', '0', '0', null, null, null);
INSERT INTO `legal_case` VALUES ('193', '0', 'A1305238500002017040001', '赵小七被打案', '殴打他人', '3', '行政案件', null, '待设定', null, '190', '53', '51', null, null, '1', '系统管理员', '0', '0', '0', '0', '0', null, null, null);
INSERT INTO `legal_case` VALUES ('194', '0', 'A1305238900002017010001', '李书景被打', '殴打他人', '3', '行政案件', null, '待设定', null, '191', '37', '39', null, null, '1', '系统管理员', '0', '0', '0', '0', '0', null, null, null);
INSERT INTO `legal_case` VALUES ('195', '0', 'A1305238900002017010001', '李书景被打', '殴打他人', '3', '行政案件', null, '待设定', null, '192', '37', '39', null, null, '1', '系统管理员', '0', '0', '0', '0', '0', null, null, null);
INSERT INTO `legal_case` VALUES ('196', '0', 'A1305238600002017030006', '马保魁与马志军两家打架案', '殴打他人', '3', '行政案件', null, '待设定', null, '193', '48', '50', null, null, '1', '系统管理员', '0', '0', '0', '0', '0', null, null, null);
INSERT INTO `legal_case` VALUES ('197', '0', 'A1305238600002017030006', '马保魁与马志军两家打架案', '殴打他人', '3', '行政案件', null, '待设定', null, '194', '48', '50', null, null, '1', '系统管理员', '0', '0', '0', '0', '0', null, null, null);
INSERT INTO `legal_case` VALUES ('198', '0', 'A1305238600002017030006', '马保魁与马志军两家打架案', '殴打他人', '3', '行政案件', null, '待设定', null, '195', '48', '50', null, null, '1', '系统管理员', '0', '0', '0', '0', '0', null, null, null);
INSERT INTO `legal_case` VALUES ('199', '0', 'A1305239200002017020034', '林荣军被打', '殴打他人', '3', '行政案件', null, '待设定', null, '196', '86', '70', null, null, '1', '系统管理员', '0', '0', '0', '0', '0', null, null, null);
INSERT INTO `legal_case` VALUES ('200', '0', 'A1305239200002017040002', '崔岩青被打', '殴打他人', '3', '行政案件', null, '待设定', null, '197', '70', '86', null, null, '1', '系统管理员', '0', '0', '0', '0', '0', null, null, null);
INSERT INTO `legal_case` VALUES ('201', '0', 'A1305239100002017040008', '马老二饭店门口打架案', '殴打他人', '3', '行政案件', null, '待设定', null, '198', '16', '21', null, null, '1', '系统管理员', '0', '0', '0', '0', '0', null, null, null);
INSERT INTO `legal_case` VALUES ('202', '0', 'A1305239100002017040008', '马老二饭店门口打架案', '殴打他人', '3', '行政案件', null, '待设定', null, '199', '16', '21', null, null, '1', '系统管理员', '0', '0', '0', '0', '0', null, null, null);
INSERT INTO `legal_case` VALUES ('203', '2', 'A1305238300002017040002', '王东海与王米桂打架案', '殴打他人', '3', '行政案件', '18', '行政处理', '2017-04-14', '200', '90', '43', null, null, '1', '系统管理员', '0', '0', '0', '0', '0', '对王米桂行政拘留十日，并处罚款伍佰元整。,,', '10', '500');
INSERT INTO `legal_case` VALUES ('204', '0', 'A1305239200002017040023', '王永泽被打案', '殴打他人', '3', '行政案件', null, '待设定', null, '201', '80', '74', null, null, '1', '系统管理员', '0', '0', '0', '0', '0', null, null, null);
INSERT INTO `legal_case` VALUES ('205', '2', 'A1305238300002017040002', '王东海与王米桂打架案', '殴打他人', '3', '行政案件', '18', '行政处理', '2017-04-14', '202', '90', '43', null, null, '1', '系统管理员', '0', '0', '0', '0', '0', '对王东海行政拘留七日，并处罚款贰佰元整。,,', '7', '200');
INSERT INTO `legal_case` VALUES ('206', '0', 'A1305239100002017030005', '赵云鹏与马桂云打架案', '殴打他人', '3', '行政案件', null, '待设定', null, '203', '15', '22', null, null, '1', '系统管理员', '0', '0', '0', '0', '0', null, null, null);
INSERT INTO `legal_case` VALUES ('207', '0', 'A1305239100002017030005', '赵云鹏与马桂云打架案', '殴打他人', '3', '行政案件', null, '待设定', null, '204', '15', '22', null, null, '1', '系统管理员', '0', '0', '0', '0', '0', null, null, null);
INSERT INTO `legal_case` VALUES ('208', '0', 'A1305239100002017040005', '袁晓蕾被打案', '殴打他人', '3', '行政案件', null, '待设定', null, '205', '21', '16', null, null, '1', '系统管理员', '0', '0', '0', '0', '0', null, null, null);
INSERT INTO `legal_case` VALUES ('209', '0', 'A1305239200002017020005', '王协和与庞根兴打架', '殴打他人', '3', '行政案件', null, '待设定', null, '206', '86', '70', null, null, '1', '系统管理员', '0', '0', '0', '0', '0', null, null, null);
INSERT INTO `legal_case` VALUES ('210', '2', 'A1305238300002017010002', '邢方杰村北地里杨树被盗案', '盗窃', '3', '行政案件', '18', '行政处理', '2017-02-20', '207', '90', '43', null, null, '1', '系统管理员', '0', '0', '0', '0', '0', '对崔成会行政拘留五日。,,', '5', null);
INSERT INTO `legal_case` VALUES ('211', '2', 'A1305239200002017040008', '任占英等人扰乱公共秩序', '聚众妨碍交通工具正常行驶', '3', '行政案件', '18', '行政处理', '2017-04-06', '208', '70', '86', null, null, '1', '系统管理员', '0', '0', '0', '0', '0', '对杨晓红行政拘留五日。,,', '5', null);
INSERT INTO `legal_case` VALUES ('212', '0', 'A1305239200002017040008', '任占英等人扰乱公共秩序', '聚众妨碍交通工具正常行驶', '3', '行政案件', null, '待设定', null, '209', '70', '86', null, null, '1', '系统管理员', '0', '0', '0', '0', '0', null, null, null);
INSERT INTO `legal_case` VALUES ('213', '0', 'A1305239100002017040002', '陈云霞被打案', '殴打他人', '3', '行政案件', null, '待设定', null, '210', '16', '21', null, null, '1', '系统管理员', '0', '0', '0', '0', '0', null, null, null);
INSERT INTO `legal_case` VALUES ('214', '0', 'A1305239200002017040003', '崔艳岭被子被盗', '盗窃', '3', '行政案件', null, '待设定', null, '211', '86', '70', null, null, '1', '系统管理员', '0', '0', '0', '0', '0', null, null, null);
INSERT INTO `legal_case` VALUES ('215', '2', 'A1305239100002017020015', '赵伏祥等四人赌博案', '赌博', '3', '行政案件', '18', '行政处理', '2017-03-21', '212', '14', '17', null, null, '1', '系统管理员', '0', '0', '0', '0', '0', '对闫铁良罚款贰佰元整。,,', null, '200');
INSERT INTO `legal_case` VALUES ('216', '2', 'A1305239100002017020015', '赵伏祥等四人赌博案', '赌博', '3', '行政案件', null, '待设定', null, '213', '14', '17', null, null, '1', '系统管理员', '0', '0', '0', '0', '0', '对张敏杰罚款贰佰元整。,,', null, '200');
INSERT INTO `legal_case` VALUES ('217', '2', 'A1305239100002017020015', '赵伏祥等四人赌博案', '赌博', '3', '行政案件', '18', '行政处理', '2017-03-21', '214', '14', '17', null, null, '1', '系统管理员', '0', '0', '0', '0', '0', '对王宝军罚款贰佰元整。,,', null, '200');
INSERT INTO `legal_case` VALUES ('218', '2', 'A1305239100002017020015', '赵伏祥等四人赌博案', '赌博', '3', '行政案件', '18', '行政处理', '2017-03-21', '215', '14', '17', null, null, '1', '系统管理员', '0', '0', '0', '0', '0', '对赵伏祥罚款贰佰元整。,,', null, '200');
INSERT INTO `legal_case` VALUES ('219', '2', 'A1305239100002017020015', '赵伏祥等四人赌博案', '赌博', '3', '行政案件', '18', '行政处理', '2017-03-21', '216', '14', '17', null, null, '1', '系统管理员', '0', '0', '0', '0', '0', '对高焰森罚款贰佰元整。,,', null, '200');
INSERT INTO `legal_case` VALUES ('220', '2', 'A1305238700002017020001', '胡双振与李书军打架案', '殴打他人', '3', '行政案件', '18', '行政处理', '2017-03-24', '217', '45', '47', null, null, '1', '系统管理员', '0', '0', '0', '0', '0', '对李书军罚款贰佰元整。,,', null, '200');
INSERT INTO `legal_case` VALUES ('221', '0', 'A1305238700002017020002', '陈新国与郝小乐打架案', '殴打他人', '3', '行政案件', null, '待设定', null, '218', '45', '47', null, null, '1', '系统管理员', '0', '0', '0', '0', '0', null, null, null);
INSERT INTO `legal_case` VALUES ('222', '0', 'A1305239200002017020014', '亢金豹被打', '殴打他人', '3', '行政案件', null, '待设定', null, '219', '86', '70', null, null, '1', '系统管理员', '0', '0', '0', '0', '0', null, null, null);
INSERT INTO `legal_case` VALUES ('223', '0', 'A1305239300002017020003', '刘全有被打案', '殴打他人', '3', '行政案件', null, '待设定', null, '220', '87', '31', null, null, '1', '系统管理员', '0', '0', '0', '0', '0', null, null, null);
INSERT INTO `legal_case` VALUES ('224', '0', 'A1305239000002017020003', '王海风被打案', '殴打他人', '3', '行政案件', null, '待设定', null, '221', '34', '35', null, null, '1', '系统管理员', '0', '0', '0', '0', '0', null, null, null);
INSERT INTO `legal_case` VALUES ('225', '0', 'A1305239000002017020003', '王海风被打案', '殴打他人', '3', '行政案件', null, '待设定', null, '222', '34', '35', null, null, '1', '系统管理员', '0', '0', '0', '0', '0', null, null, null);
INSERT INTO `legal_case` VALUES ('226', '0', 'A1305239300002017020008', '姚胜军、武志花被打案', '殴打他人', '3', '行政案件', null, '待设定', null, '223', '33', '31', null, null, '1', '系统管理员', '0', '0', '0', '0', '0', null, null, null);
INSERT INTO `legal_case` VALUES ('227', '0', 'A1305238600002017030008', '刘仁全故意毁坏摩托车案', '故意损毁财物', '3', '行政案件', null, '待设定', null, '224', '48', '50', null, null, '1', '系统管理员', '0', '0', '0', '0', '0', null, null, null);
INSERT INTO `legal_case` VALUES ('228', '0', 'A1305238900002017030004', '焦桃叶被打案', '殴打他人', '3', '行政案件', null, '待设定', null, '225', '38', '39', null, null, '1', '系统管理员', '0', '0', '0', '0', '0', null, null, null);
INSERT INTO `legal_case` VALUES ('229', '0', 'A1305238900002017030004', '焦桃叶被打案', '殴打他人', '3', '行政案件', null, '待设定', null, '226', '38', '39', null, null, '1', '系统管理员', '0', '0', '0', '0', '0', null, null, null);
INSERT INTO `legal_case` VALUES ('230', '0', 'A1305239200002017020039', '付立民被打案', '殴打他人', '3', '行政案件', null, '待设定', null, '227', '83', '76', null, null, '1', '系统管理员', '0', '0', '0', '0', '0', null, null, null);
INSERT INTO `legal_case` VALUES ('231', '0', 'A1305239100002017030004', '刘丽梅被打案', '殴打他人', '3', '行政案件', null, '待设定', null, '228', '15', '22', null, null, '1', '系统管理员', '0', '0', '0', '0', '0', null, null, null);
INSERT INTO `legal_case` VALUES ('232', '0', 'A1305239200002017030027', '李江子被打案', '殴打他人', '3', '行政案件', null, '待设定', null, '229', '80', '74', null, null, '1', '系统管理员', '0', '0', '0', '0', '0', null, null, null);
INSERT INTO `legal_case` VALUES ('233', '0', 'A1305239200002017030027', '李江子被打案', '殴打他人', '3', '行政案件', null, '待设定', null, '230', '80', '74', null, null, '1', '系统管理员', '0', '0', '0', '0', '0', null, null, null);
INSERT INTO `legal_case` VALUES ('234', '0', 'A1305239200002017030027', '李江子被打案', '殴打他人', '3', '行政案件', null, '待设定', null, '231', '80', '74', null, null, '1', '系统管理员', '0', '0', '0', '0', '0', null, null, null);
INSERT INTO `legal_case` VALUES ('235', '0', 'A1305239100002017020007', '张石平运输危险物品大车被损坏案', '故意损毁财物', '3', '行政案件', null, '待设定', null, '232', '17', '14', null, null, '1', '系统管理员', '0', '0', '0', '0', '0', null, null, null);
INSERT INTO `legal_case` VALUES ('236', '0', 'A1305239100002017010016', '李江飞被打案', '殴打他人', '3', '行政案件', null, '待设定', null, '233', '17', '14', null, null, '1', '系统管理员', '0', '0', '0', '0', '0', null, null, null);
INSERT INTO `legal_case` VALUES ('237', '0', 'A1305239100002017030018', '石金红汽车被毁损案', '故意损毁财物', '3', '行政案件', null, '待设定', null, '234', '16', '21', null, null, '1', '系统管理员', '0', '0', '0', '0', '0', null, null, null);
INSERT INTO `legal_case` VALUES ('238', '2', 'A1305238600002017030001', '薛多威被打案', '殴打他人', '3', '行政案件', '18', '行政处理', '2017-03-24', '235', '48', '50', null, null, '1', '系统管理员', '0', '0', '0', '0', '0', '对王东粉罚款贰佰元整。,,', null, '200');
INSERT INTO `legal_case` VALUES ('239', '0', 'A1305238900002017020003', '董增辰与冀文江打架', '殴打他人', '3', '行政案件', null, '待设定', null, '236', '37', '39', null, null, '1', '系统管理员', '0', '0', '0', '0', '0', null, null, null);
INSERT INTO `legal_case` VALUES ('240', '0', 'A1305239100002017030015', '内丘县大孟村镇马村联通公司电缆线以及钢线拉线被损坏案', '故意损毁财物', '3', '行政案件', null, '待设定', null, '237', '14', '17', null, null, '1', '系统管理员', '0', '0', '0', '0', '0', null, null, null);
INSERT INTO `legal_case` VALUES ('241', '2', 'A1305238700002017010002', '李芬被殴打案', '殴打他人', '3', '行政案件', '18', '行政处理', '2017-03-21', '238', '45', '46', null, null, '1', '系统管理员', '0', '0', '0', '0', '0', '对李敏罚款贰佰元整。,,', null, '200');
INSERT INTO `legal_case` VALUES ('242', '2', 'A1305238300002017030001', '刘英科猥亵他人案', '猥亵', '3', '行政案件', '18', '行政处理', '2017-03-06', '239', '90', '43', null, null, '1', '系统管理员', '0', '0', '0', '0', '0', '对刘英科行政拘留十日。,,', '10', null);
INSERT INTO `legal_case` VALUES ('243', '0', 'A1305239200002017020035', '金莎KTV5楼打架案', '殴打他人', '3', '行政案件', null, '待设定', null, '240', '76', '83', null, null, '1', '系统管理员', '0', '0', '0', '0', '0', null, null, null);
INSERT INTO `legal_case` VALUES ('244', '0', 'A1305239100002017030014', '王爱明被诈骗案', '诈骗', '3', '行政案件', null, '待设定', null, '241', '15', '22', null, null, '1', '系统管理员', '0', '0', '0', '0', '0', null, null, null);
INSERT INTO `legal_case` VALUES ('245', '0', 'A1305239000002017020001', '赵国忠、赵义打架案', '殴打他人', '3', '行政案件', null, '待设定', null, '242', '34', '35', null, null, '1', '系统管理员', '0', '0', '0', '0', '0', null, null, null);
INSERT INTO `legal_case` VALUES ('246', '0', 'A1305239000002017020001', '赵国忠、赵义打架案', '殴打他人', '3', '行政案件', null, '待设定', null, '243', '34', '35', null, null, '1', '系统管理员', '0', '0', '0', '0', '0', null, null, null);
INSERT INTO `legal_case` VALUES ('247', '0', 'A1305239000002017020001', '赵国忠、赵义打架案', '殴打他人', '3', '行政案件', null, '待设定', null, '244', '34', '35', null, null, '1', '系统管理员', '0', '0', '0', '0', '0', null, null, null);
INSERT INTO `legal_case` VALUES ('248', '0', 'A1305239200002017030014', '李二熊与王霞打架案', '殴打他人', '3', '行政案件', null, '待设定', null, '245', '76', '83', null, null, '1', '系统管理员', '0', '0', '0', '0', '0', null, null, null);
INSERT INTO `legal_case` VALUES ('249', '0', 'A1305239200002017020036', '内丘县东庞路口东方红饭店后院赌博', '为赌博提供条件', '3', '行政案件', null, '待设定', null, '246', '83', '76', null, null, '1', '系统管理员', '0', '0', '0', '0', '0', null, null, null);
INSERT INTO `legal_case` VALUES ('250', '2', 'A1305239200002017020036', '内丘县东庞路口东方红饭店后院赌博', '为赌博提供条件', '3', '行政案件', '18', '行政处理', '2017-02-24', '247', '83', '76', null, null, '1', '系统管理员', '0', '0', '0', '0', '0', '对李金忠行政拘留五日。,,', '5', null);
INSERT INTO `legal_case` VALUES ('251', '0', 'A1305239200002017010008', '程瑞锦电车被盗案', '盗窃', '3', '行政案件', null, '待设定', null, '21', '19', '82', null, null, '1', '系统管理员', '0', '0', '0', '0', '0', null, null, null);
INSERT INTO `legal_case` VALUES ('252', '0', 'A1305239200002017010008', '程瑞锦电车被盗案', '盗窃', '3', '行政案件', null, '待设定', null, '20', '19', '82', null, null, '1', '系统管理员', '0', '0', '0', '0', '0', null, null, null);
INSERT INTO `legal_case` VALUES ('253', '0', 'A1305239200002017030015', '东泰和苑物业门被破坏案', '故意损毁财物', '3', '行政案件', null, '待设定', null, '248', '65', '89', null, null, '1', '系统管理员', '0', '0', '0', '0', '0', null, null, null);
INSERT INTO `legal_case` VALUES ('254', '0', 'A1305239800002017030001', '张胜杰肇事逃逸案', '造成交通事故后逃逸，尚不构成犯罪', '3', '行政案件', null, '待设定', null, '249', '213', '212', null, null, '1', '系统管理员', '0', '0', '0', '0', '0', null, null, null);
INSERT INTO `legal_case` VALUES ('255', '0', 'A1305239000002017010003', '刘丽叶饭店玻璃门被砸案', '故意损毁财物', '3', '行政案件', null, '待设定', null, '250', '36', '34', null, null, '1', '系统管理员', '0', '0', '0', '0', '0', null, null, null);
INSERT INTO `legal_case` VALUES ('256', '0', 'A1305238900002017020001', '张永亮被打', '殴打他人', '3', '行政案件', null, '待设定', null, '251', '38', '39', null, null, '1', '系统管理员', '0', '0', '0', '0', '0', null, null, null);
INSERT INTO `legal_case` VALUES ('257', '0', 'A1305238900002017020001', '张永亮被打', '殴打他人', '3', '行政案件', null, '待设定', null, '252', '38', '39', null, null, '1', '系统管理员', '0', '0', '0', '0', '0', null, null, null);
INSERT INTO `legal_case` VALUES ('258', '0', 'A1305239100002017010021', '刘建军被打案', '殴打他人', '3', '行政案件', null, '待设定', null, '253', '15', '22', null, null, '1', '系统管理员', '0', '0', '0', '0', '0', null, null, null);
INSERT INTO `legal_case` VALUES ('259', '0', 'A1305239100002017010021', '刘建军被打案', '殴打他人', '3', '行政案件', null, '待设定', null, '254', '15', '22', null, null, '1', '系统管理员', '0', '0', '0', '0', '0', null, null, null);
INSERT INTO `legal_case` VALUES ('260', '0', 'A1305239100002017010021', '刘建军被打案', '殴打他人', '3', '行政案件', null, '待设定', null, '255', '15', '22', null, null, '1', '系统管理员', '0', '0', '0', '0', '0', null, null, null);
INSERT INTO `legal_case` VALUES ('261', '0', 'A1305239100002017010021', '刘建军被打案', '殴打他人', '3', '行政案件', null, '待设定', null, '256', '15', '22', null, null, '1', '系统管理员', '0', '0', '0', '0', '0', null, null, null);
INSERT INTO `legal_case` VALUES ('262', '0', 'A1305239100002017010021', '刘建军被打案', '殴打他人', '3', '行政案件', null, '待设定', null, '257', '15', '22', null, null, '1', '系统管理员', '0', '0', '0', '0', '0', null, null, null);
INSERT INTO `legal_case` VALUES ('263', '0', 'A1305239000002017020008', '杜连英、杜密田打架案', '殴打他人', '3', '行政案件', null, '待设定', null, '258', '34', '36', null, null, '1', '系统管理员', '0', '0', '0', '0', '0', null, null, null);
INSERT INTO `legal_case` VALUES ('264', '0', 'A1305239000002017020008', '杜连英、杜密田打架案', '殴打他人', '3', '行政案件', null, '待设定', null, '259', '34', '36', null, null, '1', '系统管理员', '0', '0', '0', '0', '0', null, null, null);
INSERT INTO `legal_case` VALUES ('265', '0', 'A1305239000002017020008', '杜连英、杜密田打架案', '殴打他人', '3', '行政案件', null, '待设定', null, '260', '34', '36', null, null, '1', '系统管理员', '0', '0', '0', '0', '0', null, null, null);
INSERT INTO `legal_case` VALUES ('266', '0', 'A1305239000002017020008', '杜连英、杜密田打架案', '殴打他人', '3', '行政案件', null, '待设定', null, '261', '34', '36', null, null, '1', '系统管理员', '0', '0', '0', '0', '0', null, null, null);
INSERT INTO `legal_case` VALUES ('267', '2', 'A1305238700002017010005', '韩翠霞被打案', '殴打他人', '3', '行政案件', '18', '行政处理', '2017-03-09', '262', '45', '47', null, null, '1', '系统管理员', '0', '0', '0', '0', '0', '对刘辰小罚款伍佰元整。,,', null, '500');
INSERT INTO `legal_case` VALUES ('268', '0', 'A1305239200002017010045', '李秀臣被打', '殴打他人', '3', '行政案件', null, '待设定', null, '263', '86', '70', null, null, '1', '系统管理员', '0', '0', '0', '0', '0', null, null, null);
INSERT INTO `legal_case` VALUES ('269', '0', 'A1305239200002017020033', '葛建芳被打', '殴打他人', '3', '行政案件', null, '待设定', null, '264', '86', '70', null, null, '1', '系统管理员', '0', '0', '0', '0', '0', null, null, null);
INSERT INTO `legal_case` VALUES ('270', '0', 'A1305239200002017010023', '崔志荣家中被砸案', '故意损毁财物', '3', '行政案件', null, '待设定', null, '265', '65', '89', null, null, '1', '系统管理员', '0', '0', '0', '0', '0', null, null, null);
INSERT INTO `legal_case` VALUES ('271', '0', 'A1305239200002017010023', '崔志荣家中被砸案', '故意损毁财物', '3', '行政案件', null, '待设定', null, '266', '65', '89', null, null, '1', '系统管理员', '0', '0', '0', '0', '0', null, null, null);
INSERT INTO `legal_case` VALUES ('272', '0', 'A1305239200002017010023', '崔志荣家中被砸案', '故意损毁财物', '3', '行政案件', null, '待设定', null, '267', '65', '89', null, null, '1', '系统管理员', '0', '0', '0', '0', '0', null, null, null);
INSERT INTO `legal_case` VALUES ('273', '0', 'A1305239100002017030002', '韩吉鹏等人打架案', '殴打他人', '3', '行政案件', null, '待设定', null, '268', '17', '14', null, null, '1', '系统管理员', '0', '0', '0', '0', '0', null, null, null);
INSERT INTO `legal_case` VALUES ('274', '0', 'A1305239100002017030002', '韩吉鹏等人打架案', '殴打他人', '3', '行政案件', null, '待设定', null, '269', '17', '14', null, null, '1', '系统管理员', '0', '0', '0', '0', '0', null, null, null);
INSERT INTO `legal_case` VALUES ('275', '0', 'A1305239100002017030002', '韩吉鹏等人打架案', '殴打他人', '3', '行政案件', null, '待设定', null, '270', '17', '14', null, null, '1', '系统管理员', '0', '0', '0', '0', '0', null, null, null);
INSERT INTO `legal_case` VALUES ('276', '0', 'A1305239200002017020002', '董晓雷被打案', '殴打他人', '3', '行政案件', null, '待设定', null, '271', '76', '83', null, null, '1', '系统管理员', '0', '0', '0', '0', '0', null, null, null);
INSERT INTO `legal_case` VALUES ('277', '0', 'A1305239100002017020016', '狄群海被伤害案', '故意伤害他人身体', '3', '行政案件', null, '待设定', null, '272', '16', '21', null, null, '1', '系统管理员', '0', '0', '0', '0', '0', null, null, null);
INSERT INTO `legal_case` VALUES ('278', '2', 'A1305238700002017030001', '王荣花、陈增寿寻衅滋事案', '寻衅滋事', '3', '行政案件', '18', '行政处理', '2017-03-03', '273', '45', '47', null, null, '1', '系统管理员', '0', '0', '0', '0', '0', '对陈增寿行政拘留十五日。,,', '15', null);
INSERT INTO `legal_case` VALUES ('279', '2', 'A1305238700002017030001', '王荣花、陈增寿寻衅滋事案', '寻衅滋事', '3', '行政案件', '18', '行政处理', '2017-03-03', '274', '45', '47', null, null, '1', '系统管理员', '0', '0', '0', '0', '0', '对王荣花行政拘留十五日。,,', '15', null);
INSERT INTO `legal_case` VALUES ('280', '2', 'A1305238300002017020002', '高望村西口配货站内赌博案', '赌博', '3', '行政案件', '18', '行政处理', '2017-03-03', '275', '42', '43', null, null, '1', '系统管理员', '0', '0', '0', '0', '0', '对王浩罚款伍佰元整。,,', null, '500');
INSERT INTO `legal_case` VALUES ('281', '2', 'A1305238300002017020002', '高望村西口配货站内赌博案', '赌博', '3', '行政案件', '18', '行政处理', '2017-03-03', '276', '42', '43', null, null, '1', '系统管理员', '0', '0', '0', '0', '0', '对张磊罚款伍佰元整。,,', null, '500');
INSERT INTO `legal_case` VALUES ('282', '2', 'A1305238300002017020002', '高望村西口配货站内赌博案', '赌博', '3', '行政案件', '18', '行政处理', '2017-03-03', '277', '42', '43', null, null, '1', '系统管理员', '0', '0', '0', '0', '0', '对张平罚款伍佰元整。,,', null, '500');
INSERT INTO `legal_case` VALUES ('283', '2', 'A1305238300002017020002', '高望村西口配货站内赌博案', '赌博', '3', '行政案件', '18', '行政处理', '2017-03-03', '278', '42', '43', null, null, '1', '系统管理员', '0', '0', '0', '0', '0', '对安军罚款伍佰元整。,,', null, '500');
INSERT INTO `legal_case` VALUES ('284', '2', 'A1305238300002017020002', '高望村西口配货站内赌博案', '赌博', '3', '行政案件', '18', '行政处理', '2017-03-03', '279', '42', '43', null, null, '1', '系统管理员', '0', '0', '0', '0', '0', '对马成刚罚款伍佰元整。,,', null, '500');
INSERT INTO `legal_case` VALUES ('285', '2', 'A1305238300002017020002', '高望村西口配货站内赌博案', '赌博', '3', '行政案件', '18', '行政处理', '2017-03-03', '280', '42', '43', null, null, '1', '系统管理员', '0', '0', '0', '0', '0', '对杨玉罚款伍佰元整。,,', null, '500');
INSERT INTO `legal_case` VALUES ('286', '2', 'A1305238300002017020003', '王伟革挎包被偷案', '盗窃', '3', '行政案件', '18', '行政处理', '2017-02-17', '281', '90', '42', null, null, '1', '系统管理员', '0', '0', '0', '0', '0', '对梁江伟行政拘留五日。,,', '5', null);
INSERT INTO `legal_case` VALUES ('287', '0', 'A1305239200002017020025', '宋丽婷被打案', '故意伤害他人身体', '3', '行政案件', null, '待设定', null, '282', '80', '74', null, null, '1', '系统管理员', '0', '0', '0', '0', '0', null, null, null);
INSERT INTO `legal_case` VALUES ('288', '0', 'A1305239200002017020001', '朱红磊汽车玻璃被损坏案', '故意损毁财物', '3', '行政案件', null, '待设定', null, '283', '80', '74', null, null, '1', '系统管理员', '0', '0', '0', '0', '0', null, null, null);
INSERT INTO `legal_case` VALUES ('289', '0', 'A1305239100002017010015', '蔡振亮与王双跃打架案', '殴打他人', '3', '行政案件', null, '待设定', null, '284', '17', '14', null, null, '1', '系统管理员', '0', '0', '0', '0', '0', null, null, null);
INSERT INTO `legal_case` VALUES ('290', '0', 'A1305239100002017010015', '蔡振亮与王双跃打架案', '殴打他人', '3', '行政案件', null, '待设定', null, '285', '17', '14', null, '2017-07-14', '1', '系统管理员', '0', '0', '0', '0', '0', null, null, null);
INSERT INTO `legal_case` VALUES ('291', '0', 'A1305239300002017020009', '关增印和韩志国打架案', '殴打他人', '3', '行政案件', null, '待设定', null, '286', '33', '31', null, null, '1', '系统管理员', '0', '0', '0', '0', '0', null, null, null);
INSERT INTO `legal_case` VALUES ('292', '0', 'A1305239200002017010011', '李志霞房子被损坏', '故意损毁财物', '3', '行政案件', null, '待设定', null, '287', '65', '89', null, null, '1', '系统管理员', '0', '0', '0', '0', '0', null, null, null);
INSERT INTO `legal_case` VALUES ('293', '0', 'A1305239300002017020005', '郭振敏打架案', '殴打他人', '3', '行政案件', null, '待设定', null, '288', '31', '32', null, null, '1', '系统管理员', '0', '0', '0', '0', '0', null, null, null);
INSERT INTO `legal_case` VALUES ('294', '0', 'A1305238300002017010002', '邢方杰村北地里杨树被盗案', '盗窃', '3', '行政案件', '18', '行政处理', '2017-02-16', '289', '90', '43', null, null, '1', '系统管理员', '0', '1', '0', '0', '0', '对李付国行政拘留五日。,,', '5', null);
INSERT INTO `legal_case` VALUES ('295', '0', 'A1305238300002017010002', '邢方杰村北地里杨树被盗案', '盗窃', '3', '行政案件', null, '待设定', null, '290', '90', '43', null, null, '1', '系统管理员', '0', '0', '0', '0', '0', null, null, null);
INSERT INTO `legal_case` VALUES ('296', '0', 'A1305238600002017020002', '王风辰家门前柴禾被烧毁案', '故意损毁财物', '3', '行政案件', null, '待设定', null, '291', '48', '50', null, null, '1', '系统管理员', '0', '0', '0', '0', '0', null, null, null);
INSERT INTO `legal_case` VALUES ('297', '0', 'A1305239200002017020010', '李景章被侮辱案', '侮辱', '3', '行政案件', null, '待设定', null, '292', '80', '74', null, null, '1', '系统管理员', '0', '0', '0', '0', '0', null, null, null);
INSERT INTO `legal_case` VALUES ('298', '0', 'A1305238900002017010004', '李永志等人打架案', '殴打他人', '3', '行政案件', null, '待设定', null, '293', '38', '39', null, null, '1', '系统管理员', '0', '0', '0', '0', '0', null, null, null);
INSERT INTO `legal_case` VALUES ('299', '0', 'A1305238900002017010004', '李永志等人打架案', '殴打他人', '3', '行政案件', null, '待设定', null, '294', '38', '39', null, null, '1', '系统管理员', '0', '0', '0', '0', '0', null, null, null);
INSERT INTO `legal_case` VALUES ('300', '0', 'A1305238900002017010004', '李永志等人打架案', '殴打他人', '3', '行政案件', null, '待设定', null, '295', '38', '39', null, null, '1', '系统管理员', '0', '0', '0', '0', '0', null, null, null);
INSERT INTO `legal_case` VALUES ('301', '0', 'A1305239200002017020004', '尹蒋辉被打案', '殴打他人', '3', '行政案件', null, '待设定', null, '296', '80', '74', null, null, '1', '系统管理员', '0', '0', '0', '0', '0', null, null, null);
INSERT INTO `legal_case` VALUES ('302', '0', 'A1305239200002017020004', '尹蒋辉被打案', '殴打他人', '3', '行政案件', null, '待设定', null, '297', '80', '74', null, null, '1', '系统管理员', '0', '0', '0', '0', '0', null, null, null);
INSERT INTO `legal_case` VALUES ('303', '0', 'A1305239200002017020004', '尹蒋辉被打案', '殴打他人', '3', '行政案件', null, '待设定', null, '298', '80', '74', null, null, '1', '系统管理员', '0', '0', '0', '0', '0', null, null, null);
INSERT INTO `legal_case` VALUES ('304', '0', 'A1305239200002017020004', '尹蒋辉被打案', '殴打他人', '3', '行政案件', null, '待设定', null, '299', '80', '74', null, null, '1', '系统管理员', '0', '0', '0', '0', '0', null, null, null);
INSERT INTO `legal_case` VALUES ('305', '0', 'A1305239100002017020002', '赵永军与杜义霞打架案', '殴打他人', '3', '行政案件', null, '待设定', null, '300', '15', '22', null, null, '1', '系统管理员', '0', '0', '0', '0', '0', null, null, null);
INSERT INTO `legal_case` VALUES ('306', '0', 'A1305239100002017020001', '安海荣汽车玻璃被毁损案', '故意损毁财物', '3', '行政案件', null, '待设定', null, '301', '16', '21', null, null, '1', '系统管理员', '0', '0', '0', '0', '0', null, null, null);
INSERT INTO `legal_case` VALUES ('307', '0', 'A1305239200002017010053', '高国宏等人与李泰打架', '殴打他人', '3', '行政案件', null, '待设定', null, '302', '86', '70', null, null, '1', '系统管理员', '0', '0', '0', '0', '0', null, null, null);
INSERT INTO `legal_case` VALUES ('308', '0', 'A1305239200002017010043', '张军红被打', '殴打他人', '3', '行政案件', null, '待设定', null, '303', '70', '86', null, null, '1', '系统管理员', '0', '0', '0', '0', '0', null, null, null);
INSERT INTO `legal_case` VALUES ('309', '2', 'A1305239000002017010004', '智水小非法买卖、运输危险物质案', '非法制造、买卖、储存、运输、邮寄、携带、使用、提供、处置危险物质', '3', '行政案件', '18', '行政处理', '2017-01-25 00:00:00', '304', '34', '35', '58', '2017-6-21', '1', '系统管理员', '0', '0', '0', '0', '0', '对智水小行政拘留十日。,,', '10', null);
INSERT INTO `legal_case` VALUES ('310', '0', 'A1305239200002017010048', '古欣双扰乱公共场所秩序案', '扰乱公共秩序的案件', '3', '行政案件', null, '待设定', null, '305', '80', '74', null, null, '1', '系统管理员', '0', '0', '0', '0', '0', null, null, null);
INSERT INTO `legal_case` VALUES ('311', '0', 'A1305239100002017010011', '杨海林盗窃电力案', '盗窃', '3', '行政案件', null, '待设定', null, '306', '15', '22', null, null, '1', '系统管理员', '0', '0', '0', '0', '0', null, null, null);
INSERT INTO `legal_case` VALUES ('312', '0', 'A1305239100002017010013', '马卫东被致伤案', '殴打他人', '3', '行政案件', null, '待设定', null, '307', '15', '22', null, null, '1', '系统管理员', '0', '0', '0', '0', '0', null, null, null);
INSERT INTO `legal_case` VALUES ('313', '0', 'A1305239200002017010019', '武连军汽车车漆被损坏', '故意损毁财物', '3', '行政案件', null, '待设定', null, '308', '86', '70', null, null, '1', '系统管理员', '0', '0', '0', '0', '0', null, null, null);
INSERT INTO `legal_case` VALUES ('314', '0', 'A1305239100002017010009', '传播淫秽信息案', '传播淫秽信息', '3', '行政案件', null, '待设定', null, '63', '15', '22', null, null, '1', '系统管理员', '0', '0', '0', '0', '0', null, null, null);
INSERT INTO `legal_case` VALUES ('315', '0', 'A1305239200002017010026', '张红雷被打案', '殴打他人', '3', '行政案件', null, '待设定', null, '308', '83', '76', null, null, '1', '系统管理员', '0', '0', '0', '0', '0', null, null, null);
INSERT INTO `legal_case` VALUES ('316', '0', 'A1305239200002017010026', '张红雷被打案', '殴打他人', '3', '行政案件', null, '待设定', null, '309', '83', '76', null, null, '1', '系统管理员', '0', '0', '0', '0', '0', null, null, null);
INSERT INTO `legal_case` VALUES ('317', '0', 'A1305239100002017010003', '张成舵被打案', '殴打他人', '3', '行政案件', null, '待设定', null, '310', '16', '21', null, null, '1', '系统管理员', '0', '0', '0', '0', '0', null, null, null);
INSERT INTO `legal_case` VALUES ('318', '0', 'A1305239100002017010004', '张业盗窃案', '盗窃', '3', '行政案件', null, '待设定', null, '311', '15', '22', null, null, '1', '系统管理员', '0', '0', '0', '0', '0', null, null, null);
INSERT INTO `legal_case` VALUES ('319', '2', 'A1305239706002017010001', '刘保兴违法排放污染物案', '通过暗管、渗井、渗坑、灌注或者篡改、伪造监测数据，或者不正常运行防治污染设施等逃避监管的方式违法排放污染物的', '3', '行政案件', '18', '行政处理', '2017-01-11', '312', '18', '27', null, null, '1', '系统管理员', '0', '0', '0', '0', '0', '对刘保兴行政拘留五日。,,', '5', null);
INSERT INTO `legal_case` VALUES ('320', '2', 'A1305239000002017010002', '苏清敏扰乱公共场所秩序案', '扰乱公共场所秩序', '3', '行政案件', '18', '行政处理', '2017-01-06 00:00:00', '313', '34', '35', '58', '2017-6-21', '1', '系统管理员', '0', '0', '0', '0', '0', '对苏清敏行政拘留七日。,,', '7', null);

-- ----------------------------
-- Table structure for sys_dept
-- ----------------------------
DROP TABLE IF EXISTS `sys_dept`;
CREATE TABLE `sys_dept` (
  `id` int(11) NOT NULL AUTO_INCREMENT COMMENT '自增ID',
  `name` varchar(255) NOT NULL,
  `pid` int(11) DEFAULT NULL COMMENT '上级ID',
  `director` int(11) DEFAULT NULL COMMENT '副局长ID',
  `chief` int(11) DEFAULT NULL COMMENT '所长/科长',
  PRIMARY KEY (`id`)
) ENGINE=InnoDB AUTO_INCREMENT=27 DEFAULT CHARSET=utf8;

-- ----------------------------
-- Records of sys_dept
-- ----------------------------
INSERT INTO `sys_dept` VALUES ('1', '内丘县公安局案件管理中心', '0', '1', null);
INSERT INTO `sys_dept` VALUES ('2', '内丘县公安局内丘镇派出所', '1', '2', '11');
INSERT INTO `sys_dept` VALUES ('3', '内丘县公安局大孟村派出所', '1', '2', '13');
INSERT INTO `sys_dept` VALUES ('4', '内丘县公安局金店派出所', '1', '2', '87');
INSERT INTO `sys_dept` VALUES ('5', '内丘县公安局官庄派出所', '1', '2', '91');
INSERT INTO `sys_dept` VALUES ('6', '内丘县公安局柳林派出所', '1', '2', '45');
INSERT INTO `sys_dept` VALUES ('7', '内丘县公安局河渠派出所', '1', '2', '90');
INSERT INTO `sys_dept` VALUES ('8', '内丘县公安局獐么派出所', '1', '2', '53');
INSERT INTO `sys_dept` VALUES ('9', '内丘县公安局南赛派出所', '1', '2', '48');
INSERT INTO `sys_dept` VALUES ('10', '内丘县公安局侯家庄派出所', '1', '2', '57');
INSERT INTO `sys_dept` VALUES ('11', '内丘县公安局五郭派出所', '1', '2', '37');
INSERT INTO `sys_dept` VALUES ('12', '内丘县公安局法制警察大队', '1', '29', '62');
INSERT INTO `sys_dept` VALUES ('13', '内丘县公安局网络安全保卫大队', '1', '7', '224');
INSERT INTO `sys_dept` VALUES ('14', '内丘县公安局经济犯罪侦查大队', '1', '8', '225');
INSERT INTO `sys_dept` VALUES ('16', '内丘县公安局刑事警察大队', '1', '10', '223');
INSERT INTO `sys_dept` VALUES ('17', '内丘县公安局刑事警察大队一中队', '1', '10', '69');
INSERT INTO `sys_dept` VALUES ('18', '内丘县公安局刑事警察大队二中队', '1', '10', '24');
INSERT INTO `sys_dept` VALUES ('19', '内丘县公安局刑事警察大队三中队', '1', '10', '209');
INSERT INTO `sys_dept` VALUES ('20', '内丘县公安局刑事警察大队四中队', '1', '10', '204');
INSERT INTO `sys_dept` VALUES ('21', '内丘县公安局治安警察大队', '1', '2', '216');
INSERT INTO `sys_dept` VALUES ('22', '内丘县公安局食品药品安全保卫大队', '1', '8', '18');
INSERT INTO `sys_dept` VALUES ('23', '内丘县公安局交通警察大队', '1', '230', '215');
INSERT INTO `sys_dept` VALUES ('24', '内丘县公安局国内安全保卫大队', '1', '2', '210');
INSERT INTO `sys_dept` VALUES ('25', '内丘县公安局禁毒警察大队', '1', '10', '222');

-- ----------------------------
-- Table structure for sys_dict
-- ----------------------------
DROP TABLE IF EXISTS `sys_dict`;
CREATE TABLE `sys_dict` (
  `id` int(11) NOT NULL AUTO_INCREMENT,
  `name` varchar(255) DEFAULT NULL COMMENT '名称',
  `key` varchar(255) DEFAULT NULL,
  `order` varchar(255) DEFAULT NULL COMMENT '类型',
  `pid` int(11) DEFAULT NULL COMMENT '父ID',
  `loc` varchar(255) DEFAULT NULL,
  PRIMARY KEY (`id`)
) ENGINE=InnoDB AUTO_INCREMENT=21 DEFAULT CHARSET=utf8;

-- ----------------------------
-- Records of sys_dict
-- ----------------------------
INSERT INTO `sys_dict` VALUES ('1', '职务名称', 'job', '0', '0', '1');
INSERT INTO `sys_dict` VALUES ('2', '刑事案件', 'cycle', '0', '0', '2');
INSERT INTO `sys_dict` VALUES ('3', '行政案件', 'cycle', '0', '0', '3');
INSERT INTO `sys_dict` VALUES ('5', '局长', 'job', '1', '1', '1/5');
INSERT INTO `sys_dict` VALUES ('6', '主管局长', 'job', '2', '1', '1/6');
INSERT INTO `sys_dict` VALUES ('7', '所/队长', 'job', '3', '1', '1/7');
INSERT INTO `sys_dict` VALUES ('8', '民警', 'job', '4', '1', '1/8');
INSERT INTO `sys_dict` VALUES ('9', '刑事拘留', 'cycle', '1', '2', '2/9');
INSERT INTO `sys_dict` VALUES ('10', '一类延长', 'cycle', '2', '2', '2/10');
INSERT INTO `sys_dict` VALUES ('11', '二类延长', 'cycle', '3', '2', '2/11');
INSERT INTO `sys_dict` VALUES ('12', '执行逮捕', 'cycle', '4', '2', '2/12');
INSERT INTO `sys_dict` VALUES ('13', '取保候审', 'cycle', '5', '2', '2/13');
INSERT INTO `sys_dict` VALUES ('14', '监视居住', 'cycle', '6', '2', '2/14');
INSERT INTO `sys_dict` VALUES ('15', '移送起诉', 'cycle', '7', '2', '2/15');
INSERT INTO `sys_dict` VALUES ('16', '一次退查', 'cycle', '8', '2', '2/16');
INSERT INTO `sys_dict` VALUES ('17', '二次退查', 'cycle', '9', '2', '2/16');
INSERT INTO `sys_dict` VALUES ('18', '行政处理', 'cycle', '10', '3', '3/18');
INSERT INTO `sys_dict` VALUES ('19', '行政复议', 'cycle', '11', '3', '3/19');
INSERT INTO `sys_dict` VALUES ('20', '行政诉讼', 'cycle', '12', '3', '3/20');

-- ----------------------------
-- Table structure for sys_dictionaries
-- ----------------------------
DROP TABLE IF EXISTS `sys_dictionaries`;
CREATE TABLE `sys_dictionaries` (
  `ZD_ID` varchar(100) NOT NULL,
  `NAME` varchar(100) DEFAULT NULL,
  `BIANMA` varchar(100) DEFAULT NULL,
  `ORDY_BY` int(10) DEFAULT NULL,
  `PARENT_ID` varchar(100) DEFAULT NULL,
  `JB` int(10) DEFAULT NULL,
  `P_BM` varchar(1000) DEFAULT NULL,
  PRIMARY KEY (`ZD_ID`)
) ENGINE=InnoDB DEFAULT CHARSET=utf8;

-- ----------------------------
-- Records of sys_dictionaries
-- ----------------------------
INSERT INTO `sys_dictionaries` VALUES ('212a6765fddc4430941469e1ec8c8e6c', '人事部', '001', '1', 'c067fdaf51a141aeaa56ed26b70de863', '2', 'BM_001');
INSERT INTO `sys_dictionaries` VALUES ('3cec73a7cc8a4cb79e3f6ccc7fc8858c', '行政部', '002', '2', 'c067fdaf51a141aeaa56ed26b70de863', '2', 'BM_002');
INSERT INTO `sys_dictionaries` VALUES ('48724375640341deb5ef01ac51a89c34', '北京', 'dq001', '1', 'cdba0b5ef20e4fc0a5231fa3e9ae246a', '2', 'DQ_dq001');
INSERT INTO `sys_dictionaries` VALUES ('5a1547632cca449db378fbb9a042b336', '研发部', '004', '4', 'c067fdaf51a141aeaa56ed26b70de863', '2', 'BM_004');
INSERT INTO `sys_dictionaries` VALUES ('7f9cd74e60a140b0aea5095faa95cda3', '财务部', '003', '3', 'c067fdaf51a141aeaa56ed26b70de863', '2', 'BM_003');
INSERT INTO `sys_dictionaries` VALUES ('b861bd1c3aba4934acdb5054dd0d0c6e', '科技不', 'kj', '7', 'c067fdaf51a141aeaa56ed26b70de863', '2', 'BM_kj');
INSERT INTO `sys_dictionaries` VALUES ('c067fdaf51a141aeaa56ed26b70de863', '部门', 'BM', '1', '0', '1', 'BM');
INSERT INTO `sys_dictionaries` VALUES ('cdba0b5ef20e4fc0a5231fa3e9ae246a', '地区', 'DQ', '2', '0', '1', 'DQ');
INSERT INTO `sys_dictionaries` VALUES ('f184bff5081d452489271a1bd57599ed', '上海', 'SH', '2', 'cdba0b5ef20e4fc0a5231fa3e9ae246a', '2', 'DQ_SH');
INSERT INTO `sys_dictionaries` VALUES ('f30bf95e216d4ebb8169ff0c86330b8f', '客服部', '006', '6', 'c067fdaf51a141aeaa56ed26b70de863', '2', 'BM_006');

-- ----------------------------
-- Table structure for sys_menu
-- ----------------------------
DROP TABLE IF EXISTS `sys_menu`;
CREATE TABLE `sys_menu` (
  `ID` int(11) NOT NULL AUTO_INCREMENT,
  `MENU_NAME` varchar(255) DEFAULT NULL,
  `MENU_URL` varchar(255) DEFAULT NULL,
  `PARENT_ID` int(100) DEFAULT NULL,
  `MENU_ORDER` int(100) DEFAULT NULL,
  `MENU_ICON` varchar(100) DEFAULT NULL,
  `MENU_TYPE` int(10) DEFAULT NULL,
  PRIMARY KEY (`ID`)
) ENGINE=InnoDB AUTO_INCREMENT=29 DEFAULT CHARSET=utf8;

-- ----------------------------
-- Records of sys_menu
-- ----------------------------
INSERT INTO `sys_menu` VALUES ('1', '系统管理', '#', '0', '1', 'fa fa-fw fa-bar-chart-o', '1');
INSERT INTO `sys_menu` VALUES ('2', '组织管理', 'role.do', '1', '2', null, '1');
INSERT INTO `sys_menu` VALUES ('4', '用户管理', '/sysUser/index', '1', '4', null, '1');
INSERT INTO `sys_menu` VALUES ('5', '角色管理', '/sysRole/index', '1', '3', null, '1');
INSERT INTO `sys_menu` VALUES ('6', '信息管理', '#', '0', '2', 'fa fa-fw', '1');
INSERT INTO `sys_menu` VALUES ('7', '案件管理', '/legalCase/index', '6', '1', null, '1');
INSERT INTO `sys_menu` VALUES ('8', '性能监控', 'druid/index.html', '9', '1', null, '1');
INSERT INTO `sys_menu` VALUES ('9', '系统工具', '#', '0', '3', 'fa fa-fw', '1');
INSERT INTO `sys_menu` VALUES ('10', '接口测试', 'tool/interfaceTest.do', '9', '2', null, '1');
INSERT INTO `sys_menu` VALUES ('11', '发送邮件', 'tool/goSendEmail.do', '9', '3', null, '1');
INSERT INTO `sys_menu` VALUES ('12', '置二维码', 'tool/goTwoDimensionCode.do', '9', '4', null, '1');
INSERT INTO `sys_menu` VALUES ('13', '多级别树', 'tool/ztree.do', '9', '5', null, '1');
INSERT INTO `sys_menu` VALUES ('14', '地图工具', 'tool/map.do', '9', '6', null, '1');
INSERT INTO `sys_menu` VALUES ('15', '微信管理', '#', '0', '2', 'fa fa-fw', '1');
INSERT INTO `sys_menu` VALUES ('16', '文本回复', '#', '15', '2', '', '1');
INSERT INTO `sys_menu` VALUES ('17', '应用命令', 'command/list.do', '15', '4', null, '1');
INSERT INTO `sys_menu` VALUES ('18', '图文回复', 'imgmsg/list.do', '15', '3', null, '1');
INSERT INTO `sys_menu` VALUES ('19', '关注回复', 'textmsg/goSubscribe.do', '15', '1', '', '1');
INSERT INTO `sys_menu` VALUES ('20', '菜单管理', '/sysMenu/index', '1', '5', null, '1');
INSERT INTO `sys_menu` VALUES ('21', '打印测试', 'tool/printTest.do', '9', '7', null, '1');
INSERT INTO `sys_menu` VALUES ('22', '三级菜单1', null, '16', '1', null, '1');
INSERT INTO `sys_menu` VALUES ('23', '三级菜单2', null, '16', '2', null, '1');

-- ----------------------------
-- Table structure for sys_role
-- ----------------------------
DROP TABLE IF EXISTS `sys_role`;
CREATE TABLE `sys_role` (
  `id` int(11) NOT NULL AUTO_INCREMENT,
  `name` varchar(55) NOT NULL DEFAULT '',
  `des` varchar(55) DEFAULT NULL,
  `seq` int(11) DEFAULT '1',
  `createdate` datetime DEFAULT NULL,
  `status` int(11) DEFAULT '1' COMMENT '0-禁用  1-启用',
  PRIMARY KEY (`id`)
) ENGINE=InnoDB AUTO_INCREMENT=15 DEFAULT CHARSET=utf8;

-- ----------------------------
-- Records of sys_role
-- ----------------------------
INSERT INTO `sys_role` VALUES ('1', 'admin', '超级管理员', '1', '2016-11-24 00:00:00', '1');
INSERT INTO `sys_role` VALUES ('2', '县局管理', '县局管理', '1', '2016-11-24 09:04:23', '1');
INSERT INTO `sys_role` VALUES ('3', '所/队管理', '所/队管理', '1', '2017-05-11 17:13:58', '1');
INSERT INTO `sys_role` VALUES ('11', '民警管理', '民警管理', '1', '2017-06-15 18:55:56', '1');
INSERT INTO `sys_role` VALUES ('12', '超级管理员', '最高权限管理', '1', '2017-06-16 10:36:31', '1');

-- ----------------------------
-- Table structure for sys_role_res
-- ----------------------------
DROP TABLE IF EXISTS `sys_role_res`;
CREATE TABLE `sys_role_res` (
  `id` int(11) NOT NULL AUTO_INCREMENT,
  `role_id` int(11) DEFAULT NULL,
  `res_id` int(11) DEFAULT NULL,
  PRIMARY KEY (`id`)
) ENGINE=InnoDB AUTO_INCREMENT=115 DEFAULT CHARSET=utf8;

-- ----------------------------
-- Records of sys_role_res
-- ----------------------------
INSERT INTO `sys_role_res` VALUES ('78', '3', '15');
INSERT INTO `sys_role_res` VALUES ('79', '3', '16');
INSERT INTO `sys_role_res` VALUES ('80', '3', '22');
INSERT INTO `sys_role_res` VALUES ('81', '3', '23');
INSERT INTO `sys_role_res` VALUES ('82', '1', '1');
INSERT INTO `sys_role_res` VALUES ('83', '1', '2');
INSERT INTO `sys_role_res` VALUES ('84', '1', '4');
INSERT INTO `sys_role_res` VALUES ('85', '1', '5');
INSERT INTO `sys_role_res` VALUES ('86', '1', '20');
INSERT INTO `sys_role_res` VALUES ('87', '1', '6');
INSERT INTO `sys_role_res` VALUES ('88', '1', '7');
INSERT INTO `sys_role_res` VALUES ('89', '1', '9');
INSERT INTO `sys_role_res` VALUES ('90', '1', '8');
INSERT INTO `sys_role_res` VALUES ('91', '1', '10');
INSERT INTO `sys_role_res` VALUES ('92', '1', '11');
INSERT INTO `sys_role_res` VALUES ('93', '1', '12');
INSERT INTO `sys_role_res` VALUES ('94', '1', '13');
INSERT INTO `sys_role_res` VALUES ('95', '1', '14');
INSERT INTO `sys_role_res` VALUES ('96', '1', '21');
INSERT INTO `sys_role_res` VALUES ('97', '1', '15');
INSERT INTO `sys_role_res` VALUES ('98', '1', '16');
INSERT INTO `sys_role_res` VALUES ('99', '1', '22');
INSERT INTO `sys_role_res` VALUES ('100', '1', '23');
INSERT INTO `sys_role_res` VALUES ('101', '1', '18');
INSERT INTO `sys_role_res` VALUES ('102', '1', '19');
INSERT INTO `sys_role_res` VALUES ('103', '2', '6');
INSERT INTO `sys_role_res` VALUES ('104', '2', '7');
INSERT INTO `sys_role_res` VALUES ('105', '2', '9');
INSERT INTO `sys_role_res` VALUES ('106', '2', '8');
INSERT INTO `sys_role_res` VALUES ('107', '2', '10');
INSERT INTO `sys_role_res` VALUES ('108', '2', '15');
INSERT INTO `sys_role_res` VALUES ('109', '2', '16');
INSERT INTO `sys_role_res` VALUES ('110', '2', '22');
INSERT INTO `sys_role_res` VALUES ('111', '2', '23');
INSERT INTO `sys_role_res` VALUES ('112', '2', '17');
INSERT INTO `sys_role_res` VALUES ('113', '2', '18');
INSERT INTO `sys_role_res` VALUES ('114', '2', '19');

-- ----------------------------
-- Table structure for sys_user
-- ----------------------------
DROP TABLE IF EXISTS `sys_user`;
CREATE TABLE `sys_user` (
  `id` int(11) NOT NULL AUTO_INCREMENT COMMENT 'id主键',
  `email` varchar(50) COLLATE utf8_bin NOT NULL COMMENT '邮箱也是登录帐号',
  `pwd` varchar(50) COLLATE utf8_bin DEFAULT NULL COMMENT '登录密码',
  `nickName` varchar(50) COLLATE utf8_bin DEFAULT NULL COMMENT '昵称',
  `mobile_phone` varchar(50) COLLATE utf8_bin DEFAULT NULL COMMENT '手机',
  `state` int(1) NOT NULL DEFAULT '0' COMMENT '状态 0=可用,1=禁用',
  `loginCount` int(11) DEFAULT NULL COMMENT '登录总次数',
  `loginTime` datetime DEFAULT NULL COMMENT '最后登录时间',
  `deleted` int(1) NOT NULL DEFAULT '0' COMMENT '删除状态 0=未删除,1=已删除',
  `createTime` datetime DEFAULT NULL COMMENT '创建时间',
  `updateTime` datetime DEFAULT NULL COMMENT '修改时间',
  `createBy` int(11) DEFAULT NULL COMMENT '创建人',
  `updateBy` int(11) DEFAULT NULL COMMENT '修改人',
  `superAdmin` int(1) NOT NULL DEFAULT '0' COMMENT '是否超级管理员 0= 不是，1=是',
  `dept_id` int(11) DEFAULT NULL,
  `wx_uuid` varchar(50) COLLATE utf8_bin DEFAULT NULL,
  `group_id` int(11) DEFAULT NULL,
  PRIMARY KEY (`id`)
) ENGINE=InnoDB AUTO_INCREMENT=56 DEFAULT CHARSET=utf8 COLLATE=utf8_bin;

-- ----------------------------
-- Records of sys_user
-- ----------------------------
INSERT INTO `sys_user` VALUES ('0', 'admin', 'e10adc3949ba59abbe56e057f20f883e', '系统管理员', null, '0', '0', '2017-07-13 16:15:50', '0', '2015-07-30 15:06:11', '2017-07-13 16:15:39', null, null, '1', '1', '', '1');
INSERT INTO `sys_user` VALUES ('1', 'mxh', '81dc9bdb52d04dc20036dbd8313ed055', '孟小辉', '', '0', null, '2017-07-15 08:17:25', '0', '2017-02-14 10:54:16', '2017-07-15 08:17:25', null, null, '0', null, null, '1');
INSERT INTO `sys_user` VALUES ('2', 'sn', '81dc9bdb52d04dc20036dbd8313ed055', '宋楠', null, '0', null, '2017-07-15 08:11:45', '0', '2017-02-14 10:54:55', '2017-07-15 08:11:45', null, null, '0', null, null, '1');
INSERT INTO `sys_user` VALUES ('3', 'lys', '81dc9bdb52d04dc20036dbd8313ed055', '李艳盛', null, '0', null, '2017-07-11 07:44:01', '0', '2017-02-14 10:54:32', '2017-07-11 07:44:00', null, null, '0', null, null, '1');
INSERT INTO `sys_user` VALUES ('4', 'tyh', '81dc9bdb52d04dc20036dbd8313ed055', '田艳红', null, '0', null, '2017-07-12 08:25:32', '0', '2017-02-14 10:55:14', '2017-07-12 08:25:32', null, null, '0', null, null, '1');
INSERT INTO `sys_user` VALUES ('5', 'zxl', '81dc9bdb52d04dc20036dbd8313ed055', '张晓丽', null, '0', null, '2017-07-15 08:45:12', '0', '2017-02-14 10:57:08', '2017-07-15 08:45:12', null, null, '0', null, null, '1');
INSERT INTO `sys_user` VALUES ('9', 'sm', '81dc9bdb52d04dc20036dbd8313ed055', '宋明', null, '0', null, '2017-07-14 17:14:21', '0', '2017-02-14 10:51:51', '2017-07-14 17:14:20', null, null, '0', null, null, '1');
INSERT INTO `sys_user` VALUES ('10', 'wy', '81dc9bdb52d04dc20036dbd8313ed055', '魏燕', null, '0', null, '2017-07-15 07:48:54', '0', '2017-02-14 10:52:14', '2017-07-15 07:48:54', null, null, '0', null, null, '1');
INSERT INTO `sys_user` VALUES ('12', 'rhz', '81dc9bdb52d04dc20036dbd8313ed055', '任会中', '', '0', null, '2017-07-15 08:06:41', '0', '2017-02-14 10:52:52', '2017-07-15 08:06:41', null, null, '0', null, null, '1');
INSERT INTO `sys_user` VALUES ('14', 'szc', '81dc9bdb52d04dc20036dbd8313ed055', '宋志超', '', '0', null, '2017-07-14 08:40:38', '0', '2017-02-14 10:55:37', '2017-07-14 08:40:38', null, null, '0', null, null, '1');
INSERT INTO `sys_user` VALUES ('16', 'zq', '81dc9bdb52d04dc20036dbd8313ed055', '赵青', null, '0', null, '2017-07-15 07:45:35', '0', '2017-02-14 10:48:22', '2017-07-15 07:45:34', null, null, '0', null, null, '1');
INSERT INTO `sys_user` VALUES ('17', 'lyj', '81dc9bdb52d04dc20036dbd8313ed055', '刘一静', null, '0', null, '2017-07-01 07:43:45', '0', '2017-02-14 10:50:33', '2017-07-01 07:43:45', null, null, '0', null, null, '1');
INSERT INTO `sys_user` VALUES ('19', 'zl', '81dc9bdb52d04dc20036dbd8313ed055', '张磊', null, '0', null, '2017-07-15 07:48:00', '0', '2017-02-14 10:51:14', '2017-07-15 07:47:59', null, null, '0', null, null, '1');
INSERT INTO `sys_user` VALUES ('21', 'zzl', '81dc9bdb52d04dc20036dbd8313ed055', '赵子良', null, '0', null, '2017-07-15 07:51:04', '0', '2017-02-14 10:53:52', '2017-07-15 07:51:04', null, null, '0', null, null, '1');
INSERT INTO `sys_user` VALUES ('22', 'wz', '81dc9bdb52d04dc20036dbd8313ed055', '王智', null, '0', null, '2017-07-15 08:05:23', '0', '2017-02-14 10:55:52', '2017-07-15 08:05:23', null, null, '0', null, null, '2');
INSERT INTO `sys_user` VALUES ('23', 'zyr', '81dc9bdb52d04dc20036dbd8313ed055', '赵乙锐', null, '0', null, '2017-07-15 07:47:22', '0', '2017-02-14 10:56:18', '2017-07-15 07:47:22', null, null, '0', null, null, '2');
INSERT INTO `sys_user` VALUES ('24', 'lhm', '81dc9bdb52d04dc20036dbd8313ed055', '李宏民', '', '0', null, '2017-07-15 08:01:16', '0', '2017-02-14 10:56:33', '2017-07-15 08:01:16', null, null, '0', null, null, '2');
INSERT INTO `sys_user` VALUES ('25', 'qn', '81dc9bdb52d04dc20036dbd8313ed055', '祁娜', null, '0', null, '2017-05-25 07:58:22', '0', '2017-02-14 10:56:50', '2017-05-25 07:58:22', null, null, '0', null, null, '2');
INSERT INTO `sys_user` VALUES ('42', 'lbb', '81dc9bdb52d04dc20036dbd8313ed055', '李贝贝', null, '0', null, '2017-07-15 07:47:21', '0', '2017-02-27 11:50:07', '2017-07-15 07:47:21', null, null, '0', null, null, '1');
INSERT INTO `sys_user` VALUES ('43', 'hf', '81dc9bdb52d04dc20036dbd8313ed055', '韩斐', null, '0', null, '2017-07-15 07:53:15', '0', '2017-03-01 13:39:06', '2017-07-15 07:53:14', null, null, '0', null, null, '1');
INSERT INTO `sys_user` VALUES ('44', 'ld', '81dc9bdb52d04dc20036dbd8313ed055', '梁栋', null, '0', null, '2017-07-15 07:47:07', '0', '2017-03-07 08:51:45', '2017-07-15 07:47:06', null, null, '0', null, null, '1');
INSERT INTO `sys_user` VALUES ('45', 'myf', '81dc9bdb52d04dc20036dbd8313ed055', '毛云飞', null, '0', null, '2017-07-13 07:45:39', '0', '2017-03-24 16:08:11', '2017-07-13 07:45:39', null, null, '0', null, null, '1');
INSERT INTO `sys_user` VALUES ('46', 'ssg', '81dc9bdb52d04dc20036dbd8313ed055', '石曙光', null, '0', null, '2017-07-15 07:45:47', '0', '2017-04-18 07:58:40', '2017-07-15 07:45:47', null, null, '0', null, null, '1');
INSERT INTO `sys_user` VALUES ('47', 'lm', '81dc9bdb52d04dc20036dbd8313ed055', '路明', null, '0', null, '2017-07-15 07:48:30', '0', '2017-05-02 11:23:33', '2017-07-15 07:48:30', null, null, '0', null, null, '1');
INSERT INTO `sys_user` VALUES ('48', 'liudong', '81dc9bdb52d04dc20036dbd8313ed055', '刘冬', null, '0', null, '2017-07-15 07:47:53', '0', '2017-06-08 16:58:04', '2017-07-15 07:47:52', null, null, '0', null, null, null);
INSERT INTO `sys_user` VALUES ('49', 'll', '81dc9bdb52d04dc20036dbd8313ed055', '李力', null, '0', null, '2017-07-15 07:44:59', '0', '2017-06-14 07:53:05', '2017-07-15 07:44:59', null, null, '0', null, null, null);
INSERT INTO `sys_user` VALUES ('53', 'wf', 'e10adc3949ba59abbe56e057f20f883e', '王菲', '13920266937', '1', null, null, '0', '2017-07-18 16:39:43', null, '51', null, '0', null, null, null);
INSERT INTO `sys_user` VALUES ('54', 'xtf', 'f379eaf3c831b04de153469d1bec345e', '谢霆锋', '13888888888', '1', null, null, '0', '2017-07-18 16:44:16', null, '53', null, '0', null, null, null);

-- ----------------------------
-- Table structure for sys_user_qx
-- ----------------------------
DROP TABLE IF EXISTS `sys_user_qx`;
CREATE TABLE `sys_user_qx` (
  `U_ID` varchar(100) NOT NULL,
  `C1` int(10) DEFAULT NULL,
  `C2` int(10) DEFAULT NULL,
  `C3` int(10) DEFAULT NULL,
  `C4` int(10) DEFAULT NULL,
  `Q1` int(10) DEFAULT NULL,
  `Q2` int(10) DEFAULT NULL,
  `Q3` int(10) DEFAULT NULL,
  `Q4` int(10) DEFAULT NULL,
  PRIMARY KEY (`U_ID`)
) ENGINE=InnoDB DEFAULT CHARSET=utf8;

-- ----------------------------
-- Records of sys_user_qx
-- ----------------------------
INSERT INTO `sys_user_qx` VALUES ('1', '1', '0', '0', '0', '0', '0', '0', '0');
INSERT INTO `sys_user_qx` VALUES ('2', '1', '1', '1', '1', '1', '1', '1', '1');
INSERT INTO `sys_user_qx` VALUES ('3b51b380c7bc485a84db2376b45b4e88', '0', '0', '0', '0', '0', '0', '0', '0');
INSERT INTO `sys_user_qx` VALUES ('55896f5ce3c0494fa6850775a4e29ff6', '0', '0', '0', '0', '0', '0', '0', '0');
INSERT INTO `sys_user_qx` VALUES ('68f23fc0caee475bae8d52244dea8444', '0', '0', '0', '0', '0', '0', '0', '0');
INSERT INTO `sys_user_qx` VALUES ('7dfd8d1f7b6245d283217b7e63eec9b2', '0', '0', '0', '0', '0', '0', '0', '0');
INSERT INTO `sys_user_qx` VALUES ('ac66961adaa2426da4470c72ffeec117', '0', '0', '0', '0', '0', '0', '0', '0');
INSERT INTO `sys_user_qx` VALUES ('b0c77c29dfa140dc9b14a29c056f824f', '0', '0', '0', '0', '0', '0', '0', '0');
INSERT INTO `sys_user_qx` VALUES ('e74f713314154c35bd7fc98897859fe3', '0', '0', '0', '0', '0', '0', '0', '0');
INSERT INTO `sys_user_qx` VALUES ('f944a9df72634249bbcb8cb73b0c9b86', '0', '0', '0', '0', '0', '0', '0', '0');

-- ----------------------------
-- Table structure for sys_user_role
-- ----------------------------
DROP TABLE IF EXISTS `sys_user_role`;
CREATE TABLE `sys_user_role` (
  `id` int(255) NOT NULL AUTO_INCREMENT,
  `user_id` int(11) NOT NULL,
  `role_id` int(11) NOT NULL,
  PRIMARY KEY (`id`)
) ENGINE=InnoDB AUTO_INCREMENT=74 DEFAULT CHARSET=utf8;

-- ----------------------------
-- Records of sys_user_role
-- ----------------------------
INSERT INTO `sys_user_role` VALUES ('42', '52', '2');
INSERT INTO `sys_user_role` VALUES ('43', '52', '3');
INSERT INTO `sys_user_role` VALUES ('44', '52', '12');
INSERT INTO `sys_user_role` VALUES ('50', '12', '2');
INSERT INTO `sys_user_role` VALUES ('51', '12', '3');
INSERT INTO `sys_user_role` VALUES ('52', '12', '11');
INSERT INTO `sys_user_role` VALUES ('59', '14', '3');
INSERT INTO `sys_user_role` VALUES ('60', '14', '11');
INSERT INTO `sys_user_role` VALUES ('61', '14', '12');
INSERT INTO `sys_user_role` VALUES ('70', '55', '2');
INSERT INTO `sys_user_role` VALUES ('71', '55', '3');
INSERT INTO `sys_user_role` VALUES ('72', '55', '11');
INSERT INTO `sys_user_role` VALUES ('73', '53', '2');

-- ----------------------------
-- Table structure for tb_pictures
-- ----------------------------
DROP TABLE IF EXISTS `tb_pictures`;
CREATE TABLE `tb_pictures` (
  `PICTURES_ID` varchar(100) NOT NULL,
  `TITLE` varchar(255) DEFAULT NULL COMMENT '标题',
  `NAME` varchar(255) DEFAULT NULL COMMENT '文件名',
  `PATH` varchar(255) DEFAULT NULL COMMENT '路径',
  `CREATETIME` varchar(255) DEFAULT NULL COMMENT '创建时间',
  `MASTER_ID` varchar(255) DEFAULT NULL COMMENT '属于',
  `BZ` varchar(255) DEFAULT NULL COMMENT '备注',
  PRIMARY KEY (`PICTURES_ID`)
) ENGINE=InnoDB DEFAULT CHARSET=utf8;

-- ----------------------------
-- Records of tb_pictures
-- ----------------------------
INSERT INTO `tb_pictures` VALUES ('1d16c4e6ac2d46fda5802462819b3162', '图片', 'ef09a150ba8f4f36864fbfa6540ffda8.jpg', '20150803/ef09a150ba8f4f36864fbfa6540ffda8.jpg', '2015-08-03 14:31:32', '1', '图片管理处上传');
INSERT INTO `tb_pictures` VALUES ('300a35700a944e33995c9d2125f2d58e', '图片', '864b20cb2d7f41938e417c868509d1f2.png', '20170513/864b20cb2d7f41938e417c868509d1f2.png', '2017-05-13 16:11:30', '1', '图片管理处上传');
INSERT INTO `tb_pictures` VALUES ('aa07d74f97fe4171be10067f6e738820', '图片', 'c238f8ac2343484daee37c70855c217a.jpg', '20150803/c238f8ac2343484daee37c70855c217a.jpg', '2015-08-03 14:33:08', '1', '图片管理处上传');
INSERT INTO `tb_pictures` VALUES ('bd0f0dbf926b41c986e14d7e3008e65a', '图片', 'f91e764e253f4de384bec4c7e6342af3.jpg', '20150803/f91e764e253f4de384bec4c7e6342af3.jpg', '2015-08-03 14:31:32', '1', '图片管理处上传');
INSERT INTO `tb_pictures` VALUES ('eeb1331f36024a6aa28c6aca7299e600', '图片', '1ece8be309504fc083efb314e7fa2278.png', '20170513/1ece8be309504fc083efb314e7fa2278.png', '2017-05-13 16:11:30', '1', '图片管理处上传');

-- ----------------------------
-- Table structure for weixin_command
-- ----------------------------
DROP TABLE IF EXISTS `weixin_command`;
CREATE TABLE `weixin_command` (
  `COMMAND_ID` varchar(100) NOT NULL,
  `KEYWORD` varchar(255) DEFAULT NULL COMMENT '关键词',
  `COMMANDCODE` varchar(255) DEFAULT NULL COMMENT '应用路径',
  `CREATETIME` varchar(255) DEFAULT NULL COMMENT '创建时间',
  `STATUS` int(1) NOT NULL COMMENT '状态',
  `BZ` varchar(255) DEFAULT NULL COMMENT '备注',
  PRIMARY KEY (`COMMAND_ID`)
) ENGINE=InnoDB DEFAULT CHARSET=utf8;

-- ----------------------------
-- Records of weixin_command
-- ----------------------------
INSERT INTO `weixin_command` VALUES ('2636750f6978451b8330874c9be042c2', '锁定服务器', 'rundll32.exe user32.dll,LockWorkStation', '2015-05-10 21:25:06', '1', '锁定计算机');
INSERT INTO `weixin_command` VALUES ('46217c6d44354010823241ef484f7214', '打开浏览器', 'C:/Program Files/Internet Explorer/iexplore.exe', '2015-05-09 02:43:02', '1', '打开浏览器操作');
INSERT INTO `weixin_command` VALUES ('576adcecce504bf3bb34c6b4da79a177', '关闭浏览器', 'taskkill /f /im iexplore.exe', '2015-05-09 02:36:48', '1', '关闭浏览器操作');
INSERT INTO `weixin_command` VALUES ('854a157c6d99499493f4cc303674c01f', '关闭QQ', 'taskkill /f /im qq.exe', '2015-05-10 21:25:46', '1', '关闭QQ');
INSERT INTO `weixin_command` VALUES ('ab3a8c6310ca4dc8b803ecc547e55ae7', '打开QQ', 'D:/SOFT/QQ/QQ/Bin/qq.exe', '2015-05-10 21:25:25', '1', '打开QQ');

-- ----------------------------
-- Table structure for weixin_imgmsg
-- ----------------------------
DROP TABLE IF EXISTS `weixin_imgmsg`;
CREATE TABLE `weixin_imgmsg` (
  `IMGMSG_ID` varchar(100) NOT NULL,
  `KEYWORD` varchar(255) DEFAULT NULL COMMENT '关键词',
  `CREATETIME` varchar(255) DEFAULT NULL COMMENT '创建时间',
  `STATUS` int(11) NOT NULL COMMENT '状态',
  `BZ` varchar(255) DEFAULT NULL COMMENT '备注',
  `TITLE1` varchar(255) DEFAULT NULL COMMENT '标题1',
  `DESCRIPTION1` varchar(255) DEFAULT NULL COMMENT '描述1',
  `IMGURL1` varchar(255) DEFAULT NULL COMMENT '图片地址1',
  `TOURL1` varchar(255) DEFAULT NULL COMMENT '超链接1',
  `TITLE2` varchar(255) DEFAULT NULL COMMENT '标题2',
  `DESCRIPTION2` varchar(255) DEFAULT NULL COMMENT '描述2',
  `IMGURL2` varchar(255) DEFAULT NULL COMMENT '图片地址2',
  `TOURL2` varchar(255) DEFAULT NULL COMMENT '超链接2',
  `TITLE3` varchar(255) DEFAULT NULL COMMENT '标题3',
  `DESCRIPTION3` varchar(255) DEFAULT NULL COMMENT '描述3',
  `IMGURL3` varchar(255) DEFAULT NULL COMMENT '图片地址3',
  `TOURL3` varchar(255) DEFAULT NULL COMMENT '超链接3',
  `TITLE4` varchar(255) DEFAULT NULL COMMENT '标题4',
  `DESCRIPTION4` varchar(255) DEFAULT NULL COMMENT '描述4',
  `IMGURL4` varchar(255) DEFAULT NULL COMMENT '图片地址4',
  `TOURL4` varchar(255) DEFAULT NULL COMMENT '超链接4',
  `TITLE5` varchar(255) DEFAULT NULL COMMENT '标题5',
  `DESCRIPTION5` varchar(255) DEFAULT NULL COMMENT '描述5',
  `IMGURL5` varchar(255) DEFAULT NULL COMMENT '图片地址5',
  `TOURL5` varchar(255) DEFAULT NULL COMMENT '超链接5',
  `TITLE6` varchar(255) DEFAULT NULL COMMENT '标题6',
  `DESCRIPTION6` varchar(255) DEFAULT NULL COMMENT '描述6',
  `IMGURL6` varchar(255) DEFAULT NULL COMMENT '图片地址6',
  `TOURL6` varchar(255) DEFAULT NULL COMMENT '超链接6',
  `TITLE7` varchar(255) DEFAULT NULL COMMENT '标题7',
  `DESCRIPTION7` varchar(255) DEFAULT NULL COMMENT '描述7',
  `IMGURL7` varchar(255) DEFAULT NULL COMMENT '图片地址7',
  `TOURL7` varchar(255) DEFAULT NULL COMMENT '超链接7',
  `TITLE8` varchar(255) DEFAULT NULL COMMENT '标题8',
  `DESCRIPTION8` varchar(255) DEFAULT NULL COMMENT '描述8',
  `IMGURL8` varchar(255) DEFAULT NULL COMMENT '图片地址8',
  `TOURL8` varchar(255) DEFAULT NULL COMMENT '超链接8',
  PRIMARY KEY (`IMGMSG_ID`)
) ENGINE=InnoDB DEFAULT CHARSET=utf8;

-- ----------------------------
-- Records of weixin_imgmsg
-- ----------------------------
INSERT INTO `weixin_imgmsg` VALUES ('380b2cb1f4954315b0e20618f7b5bd8f', '首页', '2015-05-10 20:51:09', '1', '图文回复', '图文回复标题', '图文回复描述', 'http://a.hiphotos.baidu.com/image/h%3D360/sign=c6c7e73ebc389b5027ffe654b535e5f1/a686c9177f3e6709392bb8df3ec79f3df8dc55e3.jpg', 'www.baidu.com', '', '', '', '', '', '', '', '', '', '', '', '', '', '', '', '', '', '', '', '', '', '', '', '', '', '', '', '');

-- ----------------------------
-- Table structure for weixin_textmsg
-- ----------------------------
DROP TABLE IF EXISTS `weixin_textmsg`;
CREATE TABLE `weixin_textmsg` (
  `TEXTMSG_ID` varchar(100) NOT NULL,
  `KEYWORD` varchar(255) DEFAULT NULL COMMENT '关键词',
  `CONTENT` varchar(255) DEFAULT NULL COMMENT '内容',
  `CREATETIME` varchar(255) DEFAULT NULL COMMENT '创建时间',
  `STATUS` int(11) DEFAULT NULL COMMENT '状态',
  `BZ` varchar(255) DEFAULT NULL COMMENT '备注',
  PRIMARY KEY (`TEXTMSG_ID`)
) ENGINE=InnoDB DEFAULT CHARSET=utf8;

-- ----------------------------
-- Records of weixin_textmsg
-- ----------------------------
INSERT INTO `weixin_textmsg` VALUES ('303c190498a045bdbba4c940c2f0d9f9', '1ss', '1ssddd', '2015-05-18 20:17:02', '1', '1ssdddsd');
INSERT INTO `weixin_textmsg` VALUES ('63681adbe7144f10b66d6863e07f23c2', '你好', '你也好', '2015-05-09 02:39:23', '1', '文本回复');
INSERT INTO `weixin_textmsg` VALUES ('695cd74779734231928a253107ab0eeb', '吃饭', '吃了噢噢噢噢', '2015-05-10 22:52:27', '1', '文本回复');
INSERT INTO `weixin_textmsg` VALUES ('d4738af7aea74a6ca1a5fb25a98f9acb', '关注', '关注', '2015-05-11 02:12:36', '1', '关注回复');
